"Nazwa","Poziom","Czas rzucania","Czas trwania","Szkoła","Zasięg","Komponenty","Klasy","Opcjonalne klasy","Podklasy","Opis","Na wyższych poziomach"
"Straszne Usychanie Abi-Dalzima","8.","Akcja","Natychmiastowy","Nekromancja","45 m","W, S, M (kawałek gąbki)","","Zaklinacz, Mag","","Wyciągasz wilgoć z każdej istoty w 9-metrowym sześcianie wycentrowanym na wybranym punkcie w zasięgu. Każda istota na tym obszarze musi wykonać rzut obronny na Kondycję. Konstrukty i nieumarli nie są objęci działaniem czaru, a rośliny i żywiołaki wody wykonują ten rzut obronny z utrudnieniem. Istota otrzymuje 12d8 obrażeń nekrotycznych przy nieudanym rzucie lub połowę tych obrażeń przy udanym. Niemagiczne rośliny na tym obszarze, które nie są istotami, takie jak drzewa i krzewy, natychmiast usychają i obumierają.",""
"Pochłonięcie Żywiołów","1.","Reakcja","1 runda","Odrzucanie","Własny","S","","Artymag, Druid, Łowca, Zaklinacz, Mag","Mag (Abjurer), Łotr (Arcane Trickster), Bard (Lore), Wojownik (Eldritch Knight)","Zaklęcie przechwytuje część nadchodzącej energii, zmniejszając jej wpływ na ciebie i przechowując ją na potrzeby twojego następnego ataku wręcz. Masz odporność na wyzwalający typ obrażeń do początku swojej następnej tury. Dodatkowo, gdy pierwszy raz trafisz atakiem wręcz w swojej następnej turze, cel otrzymuje dodatkowe 1d6 obrażeń wyzwalającego typu, a zaklęcie kończy się.","Na wyższych poziomach. Kiedy rzucasz to zaklęcie przy użyciu komórki czaru 2. poziomu lub wyższej, dodatkowe obrażenia wzrastają o 1d6 za każdy poziom komórki powyżej 1."
"Kwasowy Rozprysk","Sztuczka","Akcja","Natychmiastowy","Wywoływanie","18 m","W, S","Zaklinacz, Mag","","Łotr (Arcane Trickster), Druid (Land), Bard (Lore), Wojownik (Eldritch Knight), Mag (Evoker)","Tworzysz kwasową bańkę w punkcie w zasięgu, gdzie eksploduje ona w sferze o promieniu 1,5 m. Każda istota w tej sferze musi odnieść sukces w rzucie obronnym na Zręczność lub otrzymać 1d6 obrażeń od kwasu.","Ulepszenie sztuczki. Obrażenia wzrastają o 1d6, gdy osiągniesz poziomy: 5. (2d6), 11. (3d6) i 17. (4d6)."
"Oparzenie Aganazzara","2.","Akcja","Natychmiastowy","Wywoływanie","9 m","W, S, M (łuska czerwonego smoka)","","Zaklinacz, Mag","Łotr (Arcane Trickster), Bard (Lore), Wojownik (Eldritch Knight), Mag (Evoker)","Linia ryczącego płomienia o długości 9 m i szerokości 1,5 m emanuje od ciebie w wybranym kierunku. Każda istota w linii musi wykonać rzut obronny na Zręczność. Istota otrzymuje 3d8 obrażeń od ognia przy nieudanym rzucie lub połowę tych obrażeń przy udanym.","Na wyższych poziomach. Kiedy rzucasz to zaklęcie przy użyciu komórki czaru 3. poziomu lub wyższej, obrażenia wzrastają o 1d8 za każdy poziom komórki powyżej 2."
"Pomoc","2.","Akcja","8 godzin","Odrzucanie","9 m","W, S, M (pasek białego płótna)","Bard, Kleryk, Druid, Paladyn, Łowca","","Czarownik (Celestial), Zaklinacz (Clockwork), Bard (Lore), Zaklinacz (Divine Soul), Kleryk (Life), Paladyn (Devotion), Kleryk (Peace)","Wybierz do trzech istot w zasięgu. Maksimum Punktów Wytrzymałości oraz obecne Punkty Wytrzymałości każdego celu wzrastają o 5 na czas trwania czaru.","Użycie komórki czaru wyższego poziomu. Punkty Wytrzymałości każdego celu wzrastają o dodatkowe 5 za każdy poziom komórki powyżej 2."
"Alarm","1.","1 min.","8 godzin","Odrzucanie (rytuał)","9 m","W, S, M (dzwoneczek i srebrny drut)","Łowca, Mag","","Mag (Abjurer), Łotr (Arcane Trickster), Zaklinacz (Clockwork), Bard (Lore), Wojownik (Eldritch Knight), Paladyn (Watchers)","Ustawiasz alarm przeciwko intruzom. Wybierz drzwi, okno lub obszar w zasięgu, który nie jest większy niż 6-metrowy sześcian. Dopóki zaklęcie trwa, alarm powiadamia cię, gdy tylko jakaś istota dotknie lub wejdzie na chroniony obszar. Podczas rzucania zaklęcia możesz wyznaczyć istoty, które nie będą wyzwalać alarmu. Wybierasz również, czy alarm ma być słyszalny, czy mentalny: Słyszalny alarm. Alarm wydaje dźwięk dzwonka ręcznego przez 10 sekund w promieniu 18 m od chronionego obszaru. Mentalny alarm. Zostajesz powiadomiony mentalnym sygnałem, jeśli znajdujesz się w promieniu 1,5 km od chronionego obszaru. Ten sygnał budzi cię, jeśli śpisz.",""
"Zmiana Postaci","2.","Akcja","Koncentracja, do 1 godziny","Przemiana","Własny","W, S","Zaklinacz, Mag","","Łotr (Arcane Trickster), Bard (Lore), Zaklinacz (Draconic), Wojownik (Eldritch Knight)","Zmieniasz swoją fizyczną formę. Wybierz jedną z poniższych opcji. Jej efekty trwają przez czas trwania czaru, podczas którego możesz użyć akcji Magii, aby zastąpić wybraną opcję inną. Adaptacja wodna. Wyrastają ci skrzela i błony między palcami. Możesz oddychać pod wodą i zyskujesz prędkość pływania równą twojej prędkości ruchu. Zmiana wyglądu. Zmieniasz swój wygląd. Decydujesz, jak wyglądasz, w tym o wzroście, wadze, rysach twarzy, dźwięku głosu, długości włosów, ubarwieniu i innych charakterystycznych cechach. Możesz sprawić, byś wyglądał jak przedstawiciel innego gatunku, choć żadne z twoich statystyk się nie zmieniają. Nie możesz pojawić się jako istota innego rozmiaru, a twój podstawowy kształt pozostaje taki sam; jeśli jesteś dwunożny, nie możesz użyć tego zaklęcia, aby stać się czworonożnym, na przykład. Przez czas trwania czaru możesz użyć akcji Magii, aby ponownie zmienić swój wygląd w ten sposób. Naturalna broń. Wyrastają ci pazury (tnące), kły (kłute), rogi (kłute) lub kopyta (obuchowe). Kiedy używasz swojego uderzenia bez broni, aby zadać obrażenia tym nowym wyrostkiem, zadaje on 1d6 obrażeń typu podanego w nawiasie zamiast normalnych obrażeń dla twojego uderzenia bez broni, a do rzutów na atak i obrażenia używasz swojego modyfikatora cechy czarującej zamiast Siły.",""
"Przyjaźń ze Zwierzętami","1.","Akcja","24 godziny","Zauroczenie","9 m","W, S, M (kęs jedzenia)","Bard, Druid, Łowca","","Bard (Lore)","Obierz za cel bestię, którą widzisz w zasięgu. Cel musi odnieść sukces w rzucie obronnym na Mądrość lub zostać zauroczonym na czas trwania czaru. Jeśli ty lub któryś z twoich sojuszników zada obrażenia celowi, zaklęcie kończy się.","Użycie komórki czaru wyższego poziomu. Możesz obrać za cel jedną dodatkową bestię za każdy poziom komórki powyżej 1."
"Zwierzęcy Posłaniec","2.","Akcja","24 godziny","Zauroczenie (rytuał)","9 m","W, S, M (kęs jedzenia)","Bard, Druid, Łowca","","Bard (Lore)","Drobna bestia twojego wyboru, którą widzisz w zasięgu, musi odnieść sukces w rzucie obronnym na Charyzmę, inaczej spróbuje dostarczyć wiadomość za ciebie (jeśli stopień trudności celu nie wynosi 0, automatycznie odnosi sukces). Określasz lokalizację, którą odwiedziłeś, oraz odbiorcę pasującego do ogólnego opisu, takiego jak ""osoba ubrana w mundur straży miejskiej"" lub ""rudowłosy krasnolud w spiczastym kapeluszu"". Przekazujesz również wiadomość o długości do dwudziestu pięciu słów. Bestia podróżuje przez czas trwania czaru w stronę określonej lokalizacji, pokonując około 40 km na 24 godziny lub 80 km, jeśli bestia potrafi latać. Kiedy bestia przybędzie, dostarcza twoją wiadomość opisanej przez ciebie istocie, naśladując twoją komunikację. Jeśli bestia nie dotrze do celu przed zakończeniem czaru, wiadomość zostaje utracona, a bestia wraca tam, gdzie rzuciłeś zaklęcie.","Użycie komórki czaru wyższego poziomu. Czas trwania zaklęcia wzrasta o 48 godzin za każdy poziom komórki powyżej 2."
"Zwierzęce Kształty","8.","Akcja","24 godziny","Przemiana","9 m","W, S","Druid","","","Wybierz dowolną liczbę chętnych istot, które widzisz w zasięgu. Każdy cel zmienia kształt w dużą lub mniejszą bestię twojego wyboru, która ma stopień trudności 4 lub niższy. Możesz wybrać inną formę dla każdego celu. W późniejszych turach możesz użyć akcji Magii, aby ponownie przemienić cele. Statystyki gry celu zostają zastąpione statystykami wybranej bestii, ale cel zachowuje swój typ istoty; Punkty Wytrzymałości; Kości Wytrzymałości; charakter; zdolność komunikacji; oraz wyniki Inteligencji, Mądrości i Charyzmy. Akcje celu są ograniczone przez anatomię formy bestii i nie może on rzucać czarów. Ekwipunek celu wtapia się w nową formę, a cel nie może używać żadnego z tego ekwipunku w tej formie. Cel zyskuje liczbę tymczasowych punktów wytrzymałości równą punktom wytrzymałości pierwszej formy, w którą się przemienił. Te tymczasowe punkty wytrzymałości znikają, jeśli jakiekolwiek pozostaną po zakończeniu czaru. Przemiana trwa przez czas trwania czaru lub dopóki cel nie zakończy jej akcją dodatkową.",""
"Ożywienie Umarłych","3.","1 min.","Natychmiastowy","Nekromancja","3 m","W, S, M (kropla krwi, kawałek ciała i szczypta sproszkowanych kości)","Kleryk, Mag","","Łotr (Arcane Trickster), Druid (Spores), Bard (Lore), Zaklinacz (Divine Soul), Wojownik (Eldritch Knight)","Wybierz stos kości lub zwłoki średniego lub małego humanoida w zasięgu. Cel staje się nieumarłą istotą: szkieletem, jeśli wybrałeś kości, lub zombie, jeśli wybrałeś zwłoki. W każdej swojej turze możesz użyć akcji dodatkowej, aby mentalnie wydać rozkaz dowolnej istocie stworzonej tym czarem, jeśli znajduje się ona w promieniu 18 m od ciebie (jeśli kontrolujesz wiele istot, możesz wydać rozkaz wszystkim naraz, wydając ten sam rozkaz każdej z nich). Decydujesz, jaką akcję podejmie istota i gdzie się poruszy w swojej następnej turze, lub możesz wydać ogólny rozkaz, taki jak pilnowanie komnaty lub korytarza. Jeśli nie wydasz żadnych rozkazów, istota podejmuje akcję Uniku i porusza się tylko po to, by uniknąć krzywdy. Raz wydany rozkaz istota wykonuje, dopóki zadanie nie zostanie ukończone. Istota znajduje się pod twoją kontrolą przez 24 godziny, po czym przestaje słuchać wszelkich wydanych jej rozkazów. Aby utrzymać kontrolę nad istotą przez kolejne 24 godziny, musisz rzucić to zaklęcie na istotę ponownie przed upływem obecnego okresu 24 godzin. To użycie zaklęcia podtrzymuje twoją kontrolę nad maksymalnie czterema istotami, które ożywiłeś tym czarem, zamiast ożywiać nową istotę.","Użycie komórki czaru wyższego poziomu. Ożywiasz lub podtrzymujesz kontrolę nad dwiema dodatkowymi nieumarłymi istotami za każdy poziom komórki powyżej 3. Każda z istot musi pochodzić z innych zwłok lub stosu kości."
"Ożywienie Przedmiotów","5.","Akcja","Koncentracja, do 1 minuty","Przemiana","36 m","W, S","Bard, Zaklinacz, Mag","","Kleryk (Forge)","Przedmioty ożywają na twój rozkaz. Wybierz liczbę niemagicznych przedmiotów w zasięgu, które nie są noszone ani trzymane, nie są przymocowane do powierzchni i nie są gigantyczne. Maksymalna liczba przedmiotów jest równa twojemu modyfikatorowi cechy czarującej; dla tej liczby średni lub mniejszy cel liczy się jako jeden przedmiot, duży cel jako dwa, a ogromny cel jako trzy. Każdy cel ożywa, wyrastają mu nogi i staje się konstruktem, który używa bloku statystyk Ożywionego Przedmiotu; ta istota jest pod twoją kontrolą do zakończenia czaru lub dopóki her punkty wytrzymałości nie spadną do 0. Każda istota stworzona tym czarem jest sojusznikiem dla ciebie i twoich sojuszników. W walce dzieli twoją inicjatywę i wykonuje swoją turę bezpośrednio po twojej. Dopóki zaklęcie trwa, możesz użyć akcji dodatkowej, aby mentalnie wydać rozkaz dowolnej istocie stworzonej tym czarem, jeśli znajduje się ona w promieniu 150 m od ciebie (jeśli kontrolujesz wiele istot, możesz wydać rozkaz wszystkim naraz, wydając ten sam rozkaz każdej z nich). Jeśli nie wydasz żadnych rozkazów, istota podejmuje akcję Uniku i porusza się tylko po to, by uniknąć krzywdy. Gdy punkty wytrzymałości istoty spadną do 0, wraca ona do swojej formy przedmiotu, a wszelkie pozostałe obrażenia przechodzą na tę formę.","Użycie komórki czaru wyższego poziomu. Obrażenia Uderzenia istoty wzrastają o 1d4 (średni lub mniejszy), 1d6 (duży) lub 1d12 (ogromny) za każdy poziom komórki powyżej 5."
"Powłoka Przeciwżyciowa","5.","Akcja","Koncentracja, do 1 godziny","Odrzucanie","Własny","W, S","Druid","","Kleryk (Grave), Czarownik (Undead)","Emanacja o promieniu 3 m rozciąga się od ciebie na czas trwania czaru. Aura uniemożliwia istotm innym niż konstrukty i nieumarli przejście lub sięgnięcie przez nią. Dotknięta istota może rzucać czary lub wykonywać ataki bronią dystansową lub o zasięgu przez barierę. Jeśli poruszysz się tak, że dotknięta istota zostanie zmuszona do przejścia przez barierę, zaklęcie kończy się.",""
"Pole Antymagiczne","8.","Akcja","Koncentracja, do 1 godziny","Odrzucanie","Własny","W, S, M (opiłki żelaza)","Kleryk, Mag","","Mag (Abjurer), Zaklinacz (Divine Soul)","Aura antymagii otacza cię w emanacji o promieniu 3 m. Nikt nie może rzucać czarów, podejmować akcji Magii ani tworzyć innych magicznych efektów wewnątrz aury, a te rzeczy nie mogą obierać za cel ani w inny sposób wpływać na nic wewnątrz niej. Magiczne właściwości magicznych przedmiotów nie działają wewnątrz aury ani na niczym wewnątrz niej. Obszary efektów stworzone przez czary lub inną magię nie mogą rozciągać się do wnętrza aury, nikt nie może się do niej ani z niej teleportować ani używać podrży międzyplanarnych. Portale zamykają się tymczasowo, gdy znajdują się w aurze. Trwające czary, z wyjątkiem tych rzuconych przez Artefakt lub bóstwo, są tłumione na tym obszarze. Podczas gdy efekt jest tłumiony, nie funkcjonuje on, ale czas spędzony na tłumieniu wlicza się do jego czasu trwania. Rozproszenie Magii nie ma wpływu na aurę, a aury stworzone przez różne zaklęcia Pola Antymagicznego nie niwelują się nawzajem.",""
"Antypatia/Sympatia","8.","1 godz.","10 dni","Zauroczenie","18 m","W, S, M (mieszanka octu i miodu)","Bard, Druid, Mag","","","Podczas rzucania zaklęcia wybierz, czy tworzy ono antypatię czy sympatię, i obierz za cel jedną istotę lub przedmiot, który jest ogromny lub mniejszy. Następnie określ rodzaj istoty, np. czerwone smoki, gobliny lub wampiry. Istota wybranego rodzaju wykonuje rzut obronny na Mądrość, gdy znajdzie się w promieniu 36 m od celu. Twój wybór antypatii lub sympatii określa, co dzieje się z istotą, gdy nie powiedzie jej się ten rzut: Antypatia. Istota ma stan Przerażona. Przerażona istota musi użyć swojego ruchu w swoich turach, aby oddalić się jak najdalej od celu, poruszając się najbezpieczniejszą drogą. Sympatia. Istota ma stan Zauroczona. Zauroczona istota musi użyć swojego ruchu w swoich turach, aby zbliżyć się jak najdalej do celu, poruszając się najbezpieczniejszą drogą. Jeśli istota znajduje się w promieniu 1,5 m od celu, nie może dobrowolnie się oddalić. Jeśli cel zada obrażenia zauroczonej istocie, może ona wykonać rzut obronny na Mądrość, aby zakończyć efekt, jak opisano poniżej. Kończenie efektu. Jeśli przerażona lub zauroczona istota zakończy swoją turę w odległości większej niż 36 m od celu, wykonuje rzut obronny na Mądrość. Przy udanym rzucie istota nie jest już pod wpływem celu. Istota, której uda się rzut obronny przeciwko temu efektowi, jest na niego odporna przez 1 minutę, po czym może zostać ponownie nim dotknięta.",""
"Magiczne Oko","4.","Akcja","Koncentracja, do 1 godziny","Wróżenie","9 m","W, S, M (kawałek futra nietoperza)","Artymag, Mag","","Kleryk (Light), Mag (Diviner), Zaklinacz (Draconic), Łowca (Swarmkeeper)","Tworzysz niewidzialne, niezniszczalne oko w zasięgu, które unosi się przez czas trwania czaru. Otrzymujesz mentalnie informacje wizualne z oka, które widzi we wszystkich kierunkach. Posiada ono również Widzenie w ciemności o zasięgu 9 m. Jako akcję dodatkową możesz przesunąć oko o maksymalnie 9 m w dowolnym kierunku. Solidna bariera blokuje ruch oka, ale może ono przejść przez otwór o średnicy zaledwie 2,5 cm.",""
"Magiczna Brama","6.","Akcja","Koncentracja, do 10 minut","Przywoływanie","150 m","W, S","Zaklinacz, Czarownik, Mag","","","Tworzysz połączone portale teleportacyjne. Wybierz dwa duże, niezajęte miejsca na ziemi, które widzisz, jedno w zasięgu, a drugie w promieniu 3 m od ciebie. W każdym z tych miejsc otwiera się okrągły portal i pozostaje tam przez czas trwania czaru. Portale to dwuwymiarowe, świecące pierścienie wypełnione mgłą, która blokuje wzrok. Unoszą się kilka centymetrów nad ziemią i są do niej prostopadłe. Portal jest otwarty tylko z jednej strony (ty wybierasz której). Wszystko, co wejdzie w otwartą stronę jednego portalu, wychodzi z otwartej strony drugiego, tak jakby oba były obok siebie. Jako akcję dodatkową możesz zmienić kierunek otwartych stron.",""
"Magiczny Zamek","2.","Akcja","Do rozproszenia","Odrzucanie","Dotyk","W, S, M (złoty pył o wartości 25+ SZ, który zaklęcie zużywa)","Artymag, Mag","","Mag (Abjurer), Łotr (Arcane Trickster), Bard (Lore), Wojownik (Eldritch Knight)","Dotykasz zamkniętych drzwi, okna, bramy, pojemnika lub włazu i magicznie blokujesz je na czas trwania czaru. Zamka tego nie można otworzyć żadnymi niemagicznymi sposobami. Ty i wszelkie istoty wyznaczone przez ciebie podczas rzucania zaklęcia możecie otwierać i zamykać obiekt mimo zamka. Możesz również ustawić hasło, które wypowiedziane w promieniu 1,5 m od obiektu, odblokowuje go na 1 minutę.",""
"Magiczny Wigoru","2.","Dodatkowa","Natychmiastowy","Odrzucanie","Własny","W, S","Artymag, Zaklinacz, Mag","","Mag (Abjurer), Łotr (Arcane Trickster), Bard (Lore), Wojownik (Eldritch Knight)","Czerpiesz ze swojej siły życiowej, aby się uleczyć. Rzuć jedną lub dwiema swoimi niewykorzystanymi Kośćmi Wytrzymałości i odzyskaj liczbę Punktów Wytrzymałości równą sumie rzutów plus twój modyfikator cechy czarującej. Kości te zostają następnie zużyte.","Na wyższych poziomach. Liczba niewykorzystanych Kości Wytrzymałości, którymi możesz rzucić, wzrasta o jedną za każdy poziom komórki powyżej 2."
"Pancerz Agathys","1.","Dodatkowa","1 godzina","Odrzucanie","Własny","W, S, M (odłamek niebieskiego szkła)","Czarownik","","Paladyn (Conquest)","Otacza cię ochronny magiczny szron. Zyskujesz 5 tymczasowych punktów wytrzymałości. Jeśli istota trafi cię atakiem wręcz przed zakończeniem czaru, otrzymuje ona 5 obrażeń od zimna. Zaklęcie kończy się przedwcześnie, jeśli nie masz już tymczasowych punktów wytrzymałości.","Użycie komórki czaru wyższego poziomu. Tymczasowe punkty wytrzymałości oraz obrażenia od zimna wzrastają o 5 za każdy poziom komórki powyżej 1."
"Ramiona Hadara","1.","Akcja","Natychmiastowy","Przywoływanie","Własny","W, S","Czarownik","","Zaklinacz (Aberrant Mind), Zaklinacz (Aberrant)","Przywołując Hadara, sprawiasz, że wyrastają z ciebie macki. Każda istota w emanacji o promieniu 3 m wywodzącej się od ciebie wykonuje rzut obronny na Siłę. Przy nieudanym rzucie cel otrzymuje 2d6 obrażeń nekrotycznych i nie może podejmować reakcji do początku swojej następnej tury. Przy udanym rzucie cel otrzymuje tylko połowę obrażeń.","Użycie komórki czaru wyższego poziomu. Obrażenia wzrastają o 1d6 za każdy poziom komórki powyżej 1."
"Projekcja Astralna","9.","1 godz.","Do rozproszenia","Nekromancja","3 m","W, S, M (dla każdego celu hiacynt o wartości 1000+ SZ oraz srebrna sztabka o wartości 100+ SZ, które zaklęcie zużywa)","Kleryk, Czarownik, Mag","","Zaklinacz (Divine Soul)","Ty i do ośmiu chętnych istot w zasięgu projektujecie swoje ciała astralne na Plan Astralny (zaklęcie kończy się natychmiast, jeśli już tam jesteście). Ciało każdego celu pozostaje w stanie letargu; ma stan Nieprzytomny, nie potrzebuje jedzenia ani powietrza i nie starzeje się. Forma astralna celu przypomina jego ciało pod prawie każdym względem, kopiując jego statystyki gry i posiadane przedmioty. Główną różnicą jest obecność srebrzystego sznura, który ciągnie się spomiędzy łopatek formy astralnej. Sznur znika z pola widzenia po 30 cm. Jeśli sznur zostanie przecięty — co dzieje się tylko wtedy, gdy jakiś efekt tak stanowi — ciało i forma astralna celu umierają. Forma astralna celu może podróżować przez Plan Astralny. W momencie, gdy forma astralna opuszcza ten plan, ciało celu i jego dobytek podróżują wzdłuż srebrnego sznura, powodując, że cel ponownie wchodzi do swojego ciała na nowym planie. Wszelkie obrażenia lub inne efekty, które dotyczą formy astralnej, nie mają wpływu na ciało celu i na odwrót. Jeśli ciało lub forma astralna celu spadnie do 0 punktów wytrzymałości, zaklęcie kończy się dla tego celu. Zaklęcie kończy się dla wszystkich celów, jeśli użyjesz akcji Magii, aby je zakończyć. Gdy zaklęcie kończy się dla celu, który nie jest martwy, cel pojawia się ponownie w swoim ciele i wychodzi ze stanu letargu.",""
"Wróżba","2.","1 min.","Natychmiastowy","Wróżenie (rytuał)","Własny","W, S, M (specjalnie oznaczone patyczki, kości, karty lub inne żetony wróżbiarskie o wartości 25+ SZ)","Kleryk, Druid, Mag","","Łotr (Arcane Trickster), Bard (Lore), Zaklinacz (Divine Soul), Mag (Diviner), Wojownik (Eldritch Knight), Kleryk (Knowledge)","Otrzymujesz omen od istoty z innego świata na temat wyników działań, które planujesz podjąć w ciągu najbliższych 30 minut. MG wybiera omen z tabeli Omenów: Pomyślność (Dobre), Nieszczęście (Złe), Pomyślność i nieszczęście (Dobre i złe), Obojętność (Ani dobre, ani złe). Zaklęcie nie uwzględnia okoliczności, takich jak inne czary, które mogą zmienić wyniki. Jeśli rzucisz to zaklęcie więcej niż raz przed zakończeniem długiego odpoczynku, istnieje kumulatywna szansa 25 procent przy każdym rzuceniu po pierwszym, że nie otrzymasz odpowiedzi.",""
"Aura Życia","4.","Akcja","Koncentracja, do 10 minut","Odrzucanie","Własny","W","Kleryk, Paladyn","","Druid (Wildfire), Zaklinacz (Divine Soul), Kleryk (Life), Czarownik (Undying), Kleryk (Twilight)","Aura promieniuje od ciebie w emanacji o promieniu 9 m przez czas trwania czaru. Będąc w aurze, ty i twoi sojusznicy macie odporność na obrażenia nekrotyczne, a wasze maksima punktów wytrzymałości nie mogą zostać obniżone. Jeśli sojusznik z 0 punktami wytrzymałości zaczyna swoją turę w aurze, odzyskuje on 1 punkt wytrzymałości.",""
"Aura Czystości","4.","Akcja","Koncentracja, do 10 minut","Odrzucanie","Własny","W","Kleryk, Paladyn","","Artymag (Battle Smith), Zaklinacz (Divine Soul), Paladyn (Watchers), Kleryk (Peace)","Aura promieniuje od ciebie w emanacji o promieniu 9 m przez czas trwania czaru. Będąc w aurze, ty i twoi sojusznicy macie odporność na obrażenia od trucizny oraz ułatwienie w rzutach obronnych przeciwko efektom powodującym stany: Oślepiony, Zauroczony, Ogłuszony, Przerażony, Sparaliżowany, Zatruły lub Ogłuszony.",""
"Aura Witalności","3.","Akcja","Koncentracja, do 1 minuty","Odrzucanie","Własny","W","Kleryk, Druid, Paladyn","","Artymag (Battle Smith), Bard (Lore), Zaklinacz (Divine Soul), Paladyn (Crown), Kleryk (Twilight)","Aura promieniuje od ciebie w emanacji o promieniu 9 m przez czas trwania czaru. Kiedy tworzysz aurę oraz na początku każdej swojej tury, gdy ona trwa, możesz przywrócić 2d6 punktów wytrzymałości jednej istocie wewnątrz niej.",""
"Przebudzenie","5.","8 godz.","Natychmiastowy","Przemiana","Dotyk","W, S, M (agat o wartości 1000+ SZ, który zaklęcie zużywa)","Bard, Druid","","","Spędzasz czas rzucania na kreślenie magicznych ścieżek wewnątrz drogocennego kamienia, a następnie dotykasz celu. Celem musi być bestia lub roślina o Inteligencji 3 lub mniejszej, lub naturalna roślina, która nie jest istotą. Cel zyskuje Inteligencję 10 oraz zdolność mówienia w jednym języku, który znasz. Jeśli cel jest naturalną rośliną, staje się istotą typu Roślina i zyskuje zdolność poruszania kończynami, korzeniami, pnączami itp., oraz zmysły podobne do ludzkich. MG wybiera statystyki odpowiednie dla przebudzonej rośliny. Przebudzony cel ma stan Zauroczony przez 30 dni lub dopóki ty lub twoi sojusznicy nie zadacie mu obrażeń. Gdy ten stan się kończy, przebudzona istota wybiera swoje nastawienie do ciebie.",""
"Zguba","1.","Akcja","Koncentracja, do 1 minuty","Zauroczenie","9 m","W, S, M (kropla krwi)","Bard, Kleryk, Czarownik","","Bard (Lore), Zaklinacz (Divine Soul), Kleryk (Grave), Paladyn (Vengeance), Czarownik (Undead)","Do trzech wybranych przez ciebie istot, które widzisz w zasięgu, musi wykonać rzut obronny na Charyzmę. Ilekroć cel, któremu nie powiódł się ten rzut, wykonuje rzut na atak lub rzut obronny przed zakończeniem czaru, musi odjąć 1d4 od wyniku rzutu.","Użycie komórki czaru wyższego poziomu. Możesz obrać za cel jedną dodatkową istotę za każdy poziom komórki powyżej 1."
"Wygnaniowe Uderzenie","5.","Dodatkowa","Koncentracja, do 1 minuty","Przywoływanie","Własny","W","Paladyn","","Artymag (Battle Smith), Czarownik (Hexblade)","Cel trafiony atakiem otrzymuje dodatkowe 5d10 obrażeń od mocy. Jeśli atak zredukuje punkty wytrzymałości celu do 50 lub mniej, cel musi odnieść sukces w rzucie obronnym na Charyzmę lub zostać przeniesionym na bezpieczny półplan na czas trwania czaru. Będąc tam, cel ma stan Obezwładniony. Gdy zaklęcie się kończy, cel pojawia się ponownie w miejscu, które opuścił, lub w najbliższym wolnym miejscu.",""
"Wygnanie","4.","Akcja","Koncentracja, do 1 minuty","Odrzucanie","9 m","W, S, M (pentakl)","Kleryk, Paladyn, Zaklinacz, Czarownik, Mag","","Mag (Abjurer), Łotr (Arcane Trickster), Zaklinacz (Divine Soul), Wojownik (Eldritch Knight), Łowca (Horizon Walker), Łowca (Monster Slayer), Paladyn (Vengeance), Paladyn (Crown), Paladyn (Watchers)","Jedna istota, którą widzisz w zasięgu, musi odnieść sukces w rzucie obronnym na Charyzmę lub zostać przeniesiona na bezpieczny półplan na czas trwania czaru. Będąc tam, cel ma stan Obezwładniony. Gdy zaklęcie się kończy, cel pojawia się ponownie w miejscu, które opuścił, lub w najbliższym wolnym miejscu. Jeśli cel jest aberracją, niebiańskim, żywiołakiem, fey lub biesem, nie wraca, jeśli zaklęcie trwało pełną minutę. Zamiast tego zostaje przeniesiony do losowej lokalizacji na planie (wybór MG) powiązanym z jego typem istoty.","Użycie komórki czaru wyższego poziomu. Możesz obrać za cel jedną dodatkową istotę za każdy poziom komórki powyżej 4."
"Kora","2.","Dodatkowa","1 godzina","Przemiana","Dotyk","W, S, M (garść kory dębowej)","Druid, Łowca","","Bard (Lore)","Dotykasz chętnej istoty. Dopóki zaklęcie trwa, skóra celu przybiera wygląd przypominający korę, a Klasa Pancerza celu wynosi 17, jeśli jego KP jest niższa.",""
"Promień Nadziei","3.","Akcja","Koncentracja, do 1 minuty","Odrzucanie","9 m","W, S","Kleryk","","Bard (Lore), Zaklinacz (Divine Soul), Paladyn (Devotion), Kleryk (Peace)","Wybierz dowolną liczbę istot w zasięgu. Przez czas trwania czaru każdy cel ma ułatwienie w rzutach obronnych na Mądrość oraz w rzutach obronnych przeciwko śmierci, a także odzyskuje maksymalną możliwą liczbę punktów wytrzymałości z każdego leczenia.",""
"Więź z Bestią","1.","Akcja","Koncentracja, do 10 minut","Wróżenie","Dotyk","W, S, M (kawałek futra owinięty w szmatkę)","","Druid, Łowca","Bard (Lore)","Nawiązujesz telepatyczną więź z jedną dotkniętą bestią, która jest do ciebie przyjaźnie nastawiona lub przez ciebie zauroczona. Zaklęcie kończy się niepowodzeniem, jeśli wynik Inteligencji bestii wynosi 4 lub więcej. Dopóki zaklęcie trwa, więź jest aktywna, gdy ty i bestia widzicie się nawzajem. Przez więź bestia może rozumieć twoje telepatyczne wiadomości i może telepatycznie przekazywać ci proste emocje i koncepcje. Gdy więź jest aktywna, bestia ma ułatwienie w rzutach na atak przeciwko dowolnej istocie w promieniu 1,5 m od ciebie, którą widzisz.",""
"Zmysł Bestii","2.","Akcja","Koncentracja, do 1 godziny","Wróżenie (rytuał)","Dotyk","S","Druid, Łowca","","Bard (Lore), Barbarzyńca (Wild Heart)","Dotykasz chętnej bestii. Przez czas trwania czaru możesz postrzegać świat przez zmysły bestii tak samo jak przez własne. Postrzegając przez zmysły bestii, korzystasz z wszelkich specjalnych zmysłów, jakie ona posiada.",""
"Otępienie","8.","Akcja","Natychmiastowy","Zauroczenie","45 m","W, S, M (kółko na klucze bez kluczy)","Bard, Druid, Czarownik, Mag","","","Uderzasz w umysł istoty, którą widzisz w zasięgu. Cel wykonuje rzut obronny na Inteligencję. Przy nieudanym rzucie cel otrzymuje 10d12 obrażeń psychicznych i nie może rzucać czarów ani podejmować akcji Magii. Na końcu każdych 30 dni cel powtarza rzut, kończąc efekt przy sukcesie. Efekt można również zakończyć czarami Większe Przywrócenie, Uzdrowienie lub Życzenie. Przy udanym rzucie cel otrzymuje tylko połowę obrażeń.",""
"Nałożenie Klątwy","3.","Akcja","Koncentracja, do 1 minuty","Nekromancja","Dotyk","W, S","Bard, Kleryk, Mag","","Łotr (Arcane Trickster), Bard (Lore), Zaklinacz (Divine Soul), Wojownik (Eldritch Knight), Paladyn (Conquest)","Dotykasz istoty, która musi odnieść sukces w rzucie obronnym na Mądrość lub zostać przeklęta na czas trwania czaru. Dopóki klątwa trwa, cel cierpi na jeden z wybranych przez ciebie efektów: Wybierz jedną cechę. Cel ma utrudnienie w testach cechy i rzutach obronnych wykonywanych tą cechą. Cel ma utrudnienie w rzutach na atak przeciwko tobie. W walce cel musi odnieść sukces w rzucie obronnym na Mądrość na początku każdej swojej tury lub zostać zmuszonym do podjęcia akcji Uniku w tej turze. Jeśli zadasz celowi obrażenia rzutem na atak lub czarem, cel otrzymuje dodatkowe 1d8 obrażeń nekrotycznych.","Użycie komórki czaru wyższego poziomu. Jeśli rzucisz to zaklęcie przy użyciu komórki czaru 4. poziomu, możesz utrzymać koncentrację do 10 minut. Jeśli użyjesz komórki 5. poziomu lub wyższej, zaklęcie nie wymaga koncentracji, a czas trwania wynosi 8 godzin (poziom 5-6) lub 24 godziny (poziom 7-8). Jeśli użyjesz komórki 9. poziomu, zaklęcie trwa do rozproszenia."
"Dłoń Bigby'ego","5.","Akcja","Koncentracja, do 1 minuty","Wywoływanie","36 m","W, S, M (skorupka jajka i rękawiczka)","Zaklinacz, Mag","","Mag (Evoker), Czarownik (Fathomless)","Tworzysz dużą dłoń z migoczącej magicznej energii w wolnym miejscu, które widzisz w zasięgu. Dłoń trwa przez czas trwania czaru i porusza się na twoje polecenie, naśladując ruchy twojej własnej dłoni. Dłoń jest obiektem, który ma KP 20 i punkty wytrzymałości równe twojemu maksimum punktów wytrzymałości. Jeśli spadną one do 0, zaklęcie kończy się. Dłoń nie zajmuje swojego miejsca. Kiedy rzucasz zaklęcie oraz jako akcję dodatkową w późniejszych turach, możesz przesunąć dłoń o maksymalnie 18 m i wywołać jeden z efektów: Zaciśnięta pięść (atak wręcz, 5d8 obrażeń od mocy), Popychająca dłoń (popycha o 1,5 m + 1,5 m za każdy punkt modyfikatora cechy czarującej), Chwytająca dłoń (stan Pochwycony, obrażenia 4d6 + modyfikator), Osłaniająca dłoń (zapewnia połowiczną osłonę).","Użycie komórki czaru wyższego poziomu. Obrażenia Zaciśniętej pięści wzrastają o 2d8, a Chwytającej dłoni o 2d6 za każdy poziom komórki powyżej 5."
"Bariera z Ostrzy","6.","Akcja","Koncentracja, do 10 minut","Wywoływanie","27 m","W, S","Kleryk","","Zaklinacz (Divine Soul)","Tworzysz ścianę wirujących ostrzy wykonanych z magicznej energii. Ściana pojawia się w zasięgu i trwa przez czas trwania czaru. Tworzysz prostą ścianę o długości do 30 m, wysokości 6 m i grubości 1,5 m, lub kolistą ścianę o średnicy do 18 m, wysokości 6 m i grubości 1,5 m. Ściana zapewnia osłonę trzech czwartych, a jej obszar jest trudnym terenem. Każda istota na obszarze ściany wykonuje rzut obronny na Zręczność, otrzymując 6d10 obrażeń od mocy przy nieudanym rzucie lub połowę przy udanym. Istota wykonuje ten rzut również, gdy wchodzi na obszar ściany lub kończy tam turę. Istota wykonuje ten rzut tylko raz na turę.",""
"Strażnicze Ostrze","Sztuczka","Akcja","Koncentracja, do 1 minuty","Odrzucanie","Własny","W, S","Bard, Zaklinacz, Czarownik, Mag","","Mag (Abjurer), Łotr (Arcane Trickster), Bard (Lore), Wojownik (Eldritch Knight)","Ilekroć istota wykonuje rzut na atak przeciwko tobie przed zakończeniem czaru, atakujący odejmuje 1d4 od wyniku rzutu na atak.",""
"Ostrze Katastrofy","9.","Dodatkowa","Koncentracja, do 1 minuty","Przywoływanie","18 m","W, S","","Zaklinacz, Czarownik, Mag","","Tworzysz wyrwę międzyplanarną w kształcie ostrza o długości około 90 cm w wolnym miejscu, które widzisz w zasięgu. Ostrze trwa przez czas trwania czaru. Kiedy rzucasz to zaklęcie, możesz wykonać do dwóch ataków wręcz czarem tym ostrzem, każdy przeciwko istocie, wolnemu przedmiotowi lub strukturze w promieniu 1,5 m od ostrza. Przy trafieniu cel otrzymuje 4d12 obrażeń od mocy. Atak ten jest trafieniem krytycznym, jeśli na k20 wypadnie 18 lub więcej. Przy trafieniu krytycznym ostrze zadaje dodatkowe 8d12 obrażeń od mocy (łącznie 12d12). Jako akcję dodatkową możesz przesunąć ostrze o maksymalnie 9 m i ponownie wykonać nim do dwóch ataków. Ostrze może bezpiecznie przenikać przez dowolne bariery, w tym ścianę mocy.",""
"Błogosławieństwo","1.","Akcja","Koncentracja, do 1 minuty","Zauroczenie","9 m","W, S, M (Święty Symbol o wartości 5+ SZ)","Kleryk, Paladyn","","Bard (Lore), Zaklinacz (Divine Soul), Kleryk (Life)","Błogosławisz do trzech istot w zasięgu. Ilekroć cel wykonuje rzut na atak lub rzut obronny przed zakończeniem czaru, dodaje 1d4 do wyniku rzutu.","Użycie komórki czaru wyższego poziomu. Możesz obrać za cel jedną dodatkową istotę za każdy poziom komórki powyżej 1."
"Uwiąd","4.","Akcja","Natychmiastowy","Nekromancja","9 m","W, S","Druid, Zaklinacz, Czarownik, Mag","","Łotr (Arcane Trickster), Druid (Spores), Wojownik (Eldritch Knight), Paladyn (Oathbreaker)","Istota, którą widzisz w zasięgu, wykonuje rzut obronny na Kondycję, otrzymując 8d8 obrażeń nekrotycznych przy nieudanym rzucie lub połowę przy udanym. Istota typu Roślina automatycznie oblewa ten rzut. Alternatywnie możesz obrać za cel niemagiczną roślinę, która nie jest istotą, taką jak drzewo lub krzew. Nie wykonuje ona rzutu; po prostu usycha i obumiera.","Użycie komórki czaru wyższego poziomu. Obrażenia wzrastają o 1d8 za każdy poziom komórki powyżej 4."
"Oślepiające Uderzenie","3.","Dodatkowa","1 minuta","Wywoływanie","Własny","W","Paladyn","","","Cel trafiony uderzeniem otrzymuje dodatkowe 3d8 obrażeń od jasności, a cel ma stan Oślepiony do zakończenia czaru. Na końcu każdej swojej tury oślepiony cel wykonuje rzut obronny na Kondycję, kończąc zaklęcie na sobie przy sukcesie.","Użycie komórki czaru wyższego poziomu. Dodatkowe obrażenia wzrastają o 1d8 za każdy poziom komórki powyżej 3."
"Oślepienie/Ogłuszenie","2.","Akcja","1 minuta","Przemiana","36 m","W","Bard, Kleryk, Zaklinacz, Mag","","Łotr (Arcane Trickster), Druid (Spores), Bard (Lore), Zaklinacz (Divine Soul), Wojownik (Eldritch Knight), Czarownik (Undead), Czarownik (Undying)","Jedna istota, którą widzisz w zasięgu, musi odnieść sukces w rzucie obronnym na Kondycję lub otrzymać stan Oślepiony lub Ogłuszony (twój wybór) na czas trwania czaru. Na końcu każdej swojej tury cel powtarza rzut, kończąc zaklęcie na sobie przy sukcesie.","Użycie komórki czaru wyższego poziomu. Możesz obrać za cel jedną dodatkową istotę za każdy poziom komórki powyżej 2."
"Mignięcie","3.","Akcja","1 minuta","Przemiana","Własny","W, S","Zaklinacz, Mag","","Łotr (Arcane Trickster), Czarownik (Archfey), Bard (Lore), Wojownik (Eldritch Knight), Czarownik (Hexblade)","Rzuć 1d6 na końcu każdej swojej tury. Przy wyniku 4-6 znikasz ze swojego obecnego planu egzystencji i pojawiasz się na Planie Eterycznym (zaklęcie kończy się natychmiast, jeśli już tam jesteś). Będąc na Planie Eterycznym, możesz postrzegać plan, który opuściłeś, widząc go w odcieniach szarości, ale nie widzisz tam niczego dalej niż 18 m. Możesz oddziaływać i być pod wpływem tylko innych istot na Planie Eterycznym, a istoty na innym planie nie mogą cię dostrzec, chyba że mają specjalną zdolność. Wracasz na drugi plan na początku swojej następnej tury i gdy zaklęcie się kończy. Wracasz do wolnego miejsca w promieniu 3 m od miejsca, które opuściłeś.",""
"Rozmycie","2.","Akcja","Koncentracja, do 1 minuty","Iluzja","Własny","W","Zaklinacz, Mag","","Łotr (Arcane Trickster), Bard (Lore), Wojownik (Eldritch Knight), Mag (Illusionist), Czarownik (Hexblade)","Twoje ciało staje się rozmyte. Przez czas trwania czaru każda istota ma utrudnienie w rzutach na atak przeciwko tobie. Atakujący jest odporny na ten efekt, jeśli postrzega cię za pomocą Widzenia pozazmysłowego lub Prawdziwego widzenia.",""
"Kości Ziemi","6.","Akcja","Natychmiastowy","Przemiana","36 m","W, S","Druid","","","Sprawiasz, że do sześciu kamiennych filarów wystrzeliwuje z ziemi w miejscach, które widzisz w zasięgu. Każdy filar jest cylindrem o średnicy 1,5 m i wysokości do 9 m. Ziemia, na której pojawia się filar, musi być wystarczająco szeroka, a możesz obrać za cel ziemię pod istotą, jeśli jest ona średnia lub mniejsza. Każdy filar ma KP 5 i 30 punktów wytrzymałości. Gdy spadną one do 0, filar kruszy się w gruz, tworząc obszar trudnego terenu o promieniu 3 m. Jeśli filar powstanie pod istotą, musi ona odnieść sukces w rzucie obronnym na Zręczność lub zostać uniesiona przez filar. Jeśli filar nie może osiągnąć pełnej wysokości przez sufit lub inną przeszkodę, istota na filarze otrzymuje 6d6 obrażeń obuchowych i jest unieruchomiona.","Na wyższych poziomach. Kiedy rzucasz to zaklęcie przy użyciu komórki czaru 7. poziomu lub wyższej, możesz stworzyć dwa dodatkowe filary za każdy poziom komórki powyżej 6."
"Huczące Ostrze","Sztuczka","Akcja","1 runda","Wywoływanie","Własny","S, M (broń biała o wartości co najmniej 1 sm)","Artymag, Zaklinacz, Czarownik, Mag","","Bard (Lore), Wojownik (Eldritch Knight), Mag (Evoker)","Wymachujesz bronią użytą do rzucenia czaru i wykonujesz nią atak wręcz przeciwko jednej istocie w promieniu 1,5 m od ciebie. Przy trafieniu cel cierpi normalne efekty ataku bronią, a następnie zostaje otoczony huczącą energią do początku twojej następnej tury. Jeśli cel dobrowolnie poruszy się o 1,5 m lub więcej przed tym czasem, otrzymuje 1d8 obrażeń od gromu, a zaklęcie kończy się. Obrażenia te wzrastają na 5. poziomie (1d8 dodatkowo przy trafieniu, 2d8 przy ruchu), 11. poziomie (2d8 i 3d8) oraz 17. poziomie (3d8 i 4d8).",""
"Płonące Dłonie","1.","Akcja","Natychmiastowy","Wywoływanie","Własny","W, S","Zaklinacz, Mag","","Łotr (Arcane Trickster), Druid (Wildfire), Bard (Lore), Wojownik (Eldritch Knight), Mag (Evoker), Czarownik (Fiend), Kleryk (Light)","Cienki arkusz płomieni wystrzeliwuje z ciebie. Każda istota w 4,5-metrowym stożku wykonuje rzut obronny na Zręczność, otrzymując 3d6 obrażeń od ognia przy nieudanym rzucie lub połowę przy udanym. Łatwopalne przedmioty w stożku, które nie są noszone ani trzymane, zaczynają płonąć.","Użycie komórki czaru wyższego poziomu. Obrażenia wzrastają o 1d6 za każdy poziom komórki powyżej 1."
"Wezwanie Pioruna","3.","Akcja","Koncentracja, do 10 minut","Przywoływanie","36 m","W, S","Druid","","Bard (Lore)","Chmura burzowa pojawia się w punkcie w zasięgu, który widzisz nad sobą. Przyjmuje ona kształt cylindra o wysokości 3 m i promieniu 18 m. Kiedy rzucasz zaklęcie, wybierz punkt, który widzisz pod chmurą. Piorun uderza z chmury w ten punkt. Każda istota w promieniu 1,5 m od tego punktu wykonuje rzut obronny na Zręczność, otrzymując 3d10 obrażeń od błyskawic przy nieudanym rzucie lub połowę przy udanym. Dopóki zaklęcie trwa, możesz użyć akcji Magii, aby ponownie wezwać piorun w ten sam sposób. Jeśli jesteś na zewnątrz podczas burzy, obrażenia czaru wzrastają o 1d10.","Użycie komórki czaru wyższego poziomu. Obrażenia wzrastają o 1d10 za każdy poziom komórki powyżej 3."
"Ukojenie Emocji","2.","Akcja","Koncentracja, do 1 minuty","Zauroczenie","18 m","W, S","Bard, Kleryk","","Zaklinacz (Aberrant Mind), Zaklinacz (Aberrant), Czarownik (Archfey), Bard (Lore), Zaklinacz (Divine Soul), Paladyn (Redemption)","Każdy humanoid w sferze o promieniu 6 m wycentrowanej na wybranym punkcie w zasięgu musi odnieść sukces w rzucie obronnym na Charyzmę lub zostać objętym jednym z efektów: Istota zyskuje odporność na stany Zauroczony i Przerażony do zakończenia czaru (obecne stany są tłumione); Istota staje się obojętna wobec wybranych przez ciebie istot, wobec których była wroga. Obojętność kończy się, jeśli cel otrzyma obrażenia.",""
"Katapulta","1.","Akcja","Natychmiastowy","Przemiana","18 m","S","","Artymag, Zaklinacz, Mag","Łotr (Arcane Trickster), Bard (Lore), Wojownik (Eldritch Knight)","Wybierz jeden przedmiot ważący od 0,5 do 2,5 kg w zasięgu, który nie jest noszony ani trzymany. Przedmiot leci w linii prostej do 27 m w wybranym kierunku, zatrzymując się wcześniej, jeśli uderzy w solidną powierzchnię. Jeśli przedmiot uderzy w istotę, musi ona wykonać rzut obronny na Zręczność. Przy nieudanym rzucie przedmiot uderza w cel i zatrzymuje się. Gdy przedmiot w coś uderzy, on sam oraz to, w co uderzył, otrzymują po 3d8 obrażeń obuchowych.","Na wyższych poziomach. Kiedy rzucasz to zaklęcie przy użyciu komórki czaru 2. poziomu lub wyższej, maksymalna waga przedmiotu wzrasta o 2,5 kg, a obrażenia o 1d8 za każdy poziom komórki powyżej 1."
"Drzemka","3.","Akcja","10 minut","Zauroczenie","9 m","S, M (szczypta piasku)","","Artymag, Bard, Zaklinacz, Mag","Łotr (Arcane Trickster), Bard (Lore), Wojownik (Eldritch Knight)","Wykonujesz uspokajający gest i do trzech chętnych istot twojego wyboru, które widzisz w zasięgu, zapada w sen na czas trwania czaru. Zaklęcie kończy się na celu wcześniej, jeśli otrzyma on obrażenia lub ktoś użyje akcji, by go obudzić. Jeśli cel pozostanie nieprzytomny przez pełny czas trwania, zyskuje on korzyści z krótkiego odpoczynku i nie może zostać ponownie objęty działaniem tego czaru do czasu zakończenia długiego odpoczynku.","Na wyższych poziomach. Kiedy rzucasz to zaklęcie przy użyciu komórki czaru 4. poziomu lub wyższej, możesz obrać za cel jedną dodatkową chętną istotę za każdy poziom komórki powyżej 3."
"Wywołanie Strachu","1.","Akcja","Koncentracja, do 1 minuty","Nekromancja","18 m","W","","Czarownik, Mag","Łotr (Arcane Trickster), Bard (Lore), Wojownik (Eldritch Knight)","Budzisz poczucie śmiertelności w jednej istocie, którą widzisz w zasięgu. Konstrukty i nieumarli są odporni na ten efekt. Cel musi odnieść sukces w rzucie obronnym na Mądrość lub zostać przerażonym tobą do zakończenia czaru. Przerażony cel może powtórzyć rzut obronny na końcu każdej swojej tury, kończąc efekt na sobie przy sukcesie.","Na wyższych poziomach. Kiedy rzucasz to zaklęcie przy użyciu komórki czaru 2. poziomu lub wyższej, możesz obrać za cel jedną dodatkową istotę za każdy poziom komórki powyżej 1. Istoty muszą znajdować się w promieniu 9 m od siebie."
"Ceremonia","1.","1 godz.","Natychmiastowy","Odrzucanie (rytuał)","Dotyk","W, S, M (sproszkowane srebro o wartości 25 SZ, które zaklęcie zużywa)","","Kleryk, Paladyn","Bard (Lore), Zaklinacz (Divine Soul)","Wykonujesz specjalną ceremonię religijną nasyconą magią. Wybierz jeden z obrzędów: Pokuta (przywrócenie charakteru), Poświęcenie wody (tworzenie wody święconej), Wejście w dorosłość (+k4 do testów cech przez 24h), Oddanie (+k4 do rzutów obronnych przez 24h), Obrządek pogrzebowy (ochrona przed ożywieniem przez 7 dni), Ślub (+2 do KP, gdy małżonkowie są w promieniu 9 m od siebie przez 7 dni).",""
"Łańcuch Piorunów","6.","Akcja","Natychmiastowy","Wywoływanie","45 m","W, S, M (trzy srebrne szpilki)","Zaklinacz, Mag","","Mag (Evoker)","Wypuszczasz piorun w stronę celu, który widzisz w zasięgu. Trzy pioruny przeskakują następnie z tego celu na maksymalnie trzy inne wybrane przez ciebie cele, z których każdy musi znajdować się w promieniu 9 m od pierwszego celu. Każdy cel wykonuje rzut obronny na Zręczność, otrzymując 10d8 obrażeń od błyskawic przy nieudanym rzucie lub połowę przy udanym.","Użycie komórki czaru wyższego poziomu. Jeden dodatkowy piorun przeskakuje z pierwszego celu na kolejny za każdy poziom komórki powyżej 6."
"Pocisk Chaosu","1.","Akcja","Natychmiastowy","Wywoływanie","36 m","W, S","","Zaklinacz","","Ciskasz falującą masą chaotycznej energii w jedną istotę w zasięgu. Wykonaj dystansowy atak czarem. Przy trafieniu cel otrzymuje 2d8 + 1d6 obrażeń. Wybierz jedną z k8. Wynik na tej kości określa typ obrażeń (1-Kwas, 2-Zimno, 3-Ogień, 4-Moc, 5-Błyskawice, 6-Trucizna, 7-Psychiczne, 8-Grom). Jeśli wyrzucisz ten sam wynik na obu k8, energia przeskakuje na inną istotę w promieniu 9 m.","Na wyższych poziomach. Kiedy rzucasz to zaklęcie przy użyciu komórki czaru 2. poziomu lub wyższej, każdy cel otrzymuje 1d6 dodatkowych obrażeń wylosowanego typu za każdy poziom komórki powyżej 1."
"Zauroczenie Potwora","4.","Akcja","1 godzina","Zauroczenie","9 m","W, S","Bard, Druid, Zaklinacz, Czarownik, Mag","","Łotr (Arcane Trickster), Wojownik (Eldritch Knight), Zaklinacz (Draconic)","Jedna istota, którą widzisz w zasięgu, wykonuje rzut obronny na Mądrość. Wykonuje go z ułatwieniem, jeśli ty lub twoi sojusznicy z nią walczycie. Przy nieudanym rzucie cel ma stan Zauroczony do zakończenia czaru lub dopóki ty lub twoi sojusznicy go nie zranicie. Zauroczona istota jest do ciebie przyjaźnie nastawiona. Gdy zaklęcie się kończy, cel wie, że był zauroczony.","Użycie komórki czaru wyższego poziomu. Możesz obrać za cel jedną dodatkową istotę za każdy poziom komórki powyżej 4."
"Zauroczenie Osoby","1.","Akcja","1 godzina","Zauroczenie","9 m","W, S","Bard, Druid, Zaklinacz, Czarownik, Mag","","Łotr (Arcane Trickster), Bard (Glamour), Bard (Lore), Wojownik (Eldritch Knight), Łowca (Fey Wanderer), Kleryk (Trickery)","Jeden humanoid, którego widzisz w zasięgu, wykonuje rzut obronny na Mądrość. Wykonuje go z ułatwieniem, jeśli ty lub twoi sojusznicy z nim walczycie. Przy nieudanym rzucie cel ma stan Zauroczony do zakończenia czaru lub dopóki ty lub twoi sojusznicy go nie zranicie. Zauroczona istota jest do ciebie przyjaźnie nastawiona. Gdy zaklęcie się kończy, cel wie, że był zauroczony.","Użycie komórki czaru wyższego poziomu. Możesz obrać za cel jedną dodatkową istotę za każdy poziom komórki powyżej 1."
"Dotyk Śmierci","Sztuczka","Akcja","Natychmiastowy","Nekromancja","Dotyk","W, S","Zaklinacz, Czarownik, Mag","","Druid (Spores), Bard (Lore), Wojownik (Eldritch Knight)","Kanałując chłód grobu, wykonaj atak wręcz czarem przeciwko celowi w zasięgu. Przy trafieniu cel otrzymuje 1d10 obrażeń nekrotycznych i nie może odzyskiwać punktów wytrzymałości do końca twojej następnej tury. Obrażenia wzrastają o 1d10 na poziomach: 5. (2d10), 11. (3d10) i 17. (4d10).",""
"Chromatyczna Kula","1.","Akcja","Natychmiastowy","Wywoływanie","27 m","W, S, M (diament o wartości 50+ SZ)","Zaklinacz, Mag","","Łotr (Arcane Trickster), Bard (Lore), Zaklinacz (Draconic), Wojownik (Eldritch Knight), Mag (Evoker)","Ciskasz kulą energii w cel w zasięgu. Wybierz typ: Kwas, Zimno, Ogień, Błyskawice, Trucizna lub Grom, a następnie wykonaj dystansowy atak czarem. Przy trafieniu cel otrzymuje 3d8 obrażeń wybranego typu. Jeśli wyrzucisz ten sam wynik na dwóch lub więcej k8, kula przeskakuje na inny cel w promieniu 9 m.","Użycie komórki czaru wyższego poziomu. Obrażenia wzrastają o 1d8 za każdy poziom komórki powyżej 1. Kula może przeskoczyć maksymalnie tyle razy, ile wynosi poziom użytej komórki."
"Krąg Śmierci","6.","Akcja","Natychmiastowy","Nekromancja","45 m","W, S, M (proszek ze zmiażdżonej czarnej perły o wartości 500+ SZ)","Zaklinacz, Czarownik, Mag","","","Negatywna energia rozchodzi się w sferze o promieniu 18 m od wybranego punktu w zasięgu. Każda istota na tym obszarze wykonuje rzut obronny na Kondycję, otrzymując 8d8 obrażeń nekrotycznych przy nieudanym rzucie lub połowę przy udanym.","Użycie komórki czaru wyższego poziomu. Obrażenia wzrastają o 2d8 za każdy poziom komórki powyżej 6."
"Krąg Mocy","5.","Akcja","Koncentracja, do 10 minut","Odrzucanie","Własny","W","Kleryk, Paladyn, Mag","","Mag (Abjurer), Zaklinacz (Divine Soul), Paladyn (Crown), Kleryk (Twilight)","Aura promieniuje od ciebie w emanacji o promieniu 9 m przez czas trwania czaru. Będąc w aurze, ty i twoi sojusznicy macie ułatwienie w rzutach obronnych przeciwko czarom i innym magicznym efektom. Gdy dotknięta istota wykonuje rzut obronny przeciwko czarowi lub efektowi magicznemu, który pozwala na rzut o połowę obrażeń, nie otrzymuje ona żadnych obrażeń przy udanym rzucie.",""
"Jasnowidzenie","3.","10 min.","Koncentracja, do 10 minut","Wróżenie","1,5 km","W, S, M (skupienie o wartości 100+ SZ, albo zdobiony róg do słuchania, albo szklane oko do patrzenia)","Bard, Kleryk, Zaklinacz, Mag","","Łotr (Arcane Trickster), Zaklinacz (Divine Soul), Mag (Diviner), Wojownik (Eldritch Knight), Czarownik (Great Old One)","Tworzysz niewidzialny czujnik w zasięgu w miejscu ci znanym lub oczywistym, ale nieznanym. Niematerialny, niezniszczalny czujnik pozostaje na miejscu przez czas trwania czaru. Wybierasz patrzenie lub słuchanie. Możesz używać wybranego zmysłu przez czujnik, jakbyś był w jego miejscu. Jako akcję dodatkową możesz przełączać się między patrzeniem a słuchaniem.",""
"Klon","8.","1 godz.","Natychmiastowy","Nekromancja","Dotyk","W, S, M (diament o wartości 1000+ SZ, który zaklęcie zużywa, oraz naczynie o wartości 2000+ SZ wystarczająco duże, by pomieścić klonowaną istotę)","Mag","","","Dotykasz istoty lub co najmniej 16 cm sześciennych jej ciała. Bezwładny duplikat tej istoty formuje się wewnątrz naczynia i kończy rosnąć po 120 dniach; wybierasz, czy gotowy klon jest w tym samym wieku co istota, czy młodszy. Klon pozostaje bezwładny w nieskończoność, dopóki naczynie nie zostanie naruszone. Jeśli oryginalna istota umrze po sformowaniu klona, jej dusza przenosi się do klona, jeśli jest wolna i chętna do powrotu.",""
"Chmura Sztyletów","2.","Akcja","Koncentracja, do 1 minuty","Przywoływanie","18 m","W, S, M (odłamek szkła)","Bard, Zaklinacz, Czarownik, Mag","","Łotr (Arcane Trickster), Bard (Lore), Wojownik (Eldritch Knight)","Przywołujesz wirujące sztylety w 1,5-metrowym sześcianie wycentrowanym na punkcie w zasięgu. Każda istota na tym obszarze otrzymuje 4d4 obrażeń tnących. Istota otrzymuje te obrażenia również, gdy wchodzi w obszar sześcianu, kończy tam turę lub gdy sześcian przesunie się na jej miejsce. W późniejszych turach możesz użyć akcji Magii, aby teleportować sześcian o maksymalnie 9 m.","Użycie komórki czaru wyższego poziomu. Obrażenia wzrastają o 2d4 za każdy poziom komórki powyżej 2."
"Zabójcza Chmura","5.","Akcja","Koncentracja, do 10 minut","Przywoływanie","36 m","W, S","Zaklinacz, Mag","","Artymag (Alchemist), Druid (Spores), Paladyn (Conquest), Czarownik (Undead)","Tworzysz sferę żółto-zielonej mgły o promieniu 6 m wycentrowaną na punkcie w zasięgu. Mgła trwa przez czas trwania czaru lub dopóki silny wiatr jej nie rozproszy. Jej obszar jest silnie przesłonięty. Każda istota w sferze wykonuje rzut obronny na Kondycję, otrzymując 5d8 obrażeń od trucizny przy nieudanym rzucie lub połowę przy udanym. Sfera przesuwa się o 3 m od ciebie na początku każdej twojej tury.","Użycie komórki czaru wyższego poziomu. Obrażenia wzrastają o 1d8 za każdy poziom komórki powyżej 5."
"Barwny Spray","1.","Akcja","Natychmiastowy","Iluzja","Własny","W, S, M (szczypta kolorowego piasku)","Bard, Zaklinacz, Mag","","Łotr (Arcane Trickster), Bard (Lore), Wojownik (Eldritch Knight), Mag (Illusionist)","Wypuszczasz olśniewającą gamę błyskających, kolorowych świateł. Każda istota w 4,5-metrowym stożku wywodzącym się od ciebie musi odnieść sukces w rzucie obronnym na Kondycję lub otrzymać stan Oślepiony do końca twojej następnej tury.",""
"Rozkaz","1.","Akcja","Natychmiastowy","Zauroczenie","18 m","W","Bard, Kleryk, Paladyn","","Bard (Glamour), Bard (Lore), Zaklinacz (Divine Soul), Zaklinacz (Draconic), Czarownik (Fiend), Kleryk (Knowledge), Paladyn (Conquest), Paladyn (Crown), Kleryk (Order)","Wypowiadasz jedno słowo rozkazu istocie, którą widzisz w zasięgu. Cel musi odnieść sukces w rzucie obronnym na Charyzmę lub wykonać rozkaz w swojej następnej turze. Wybierz rozkaz: Podejdź, Upuść, Uciekaj, Padnij, Zatrzymaj się.","Użycie komórki czaru wyższego poziomu. Możesz objąć działaniem jedną dodatkową istotę za każdy poziom komórki powyżej 1."
"Komunia","5.","1 min.","1 minuta","Wróżenie (rytuał)","Własny","W, S, M (kadzidło)","Kleryk","","Zaklinacz (Divine Soul), Paladyn (Devotion), Paladyn (Glory), Kleryk (Order)","Kontaktujesz się z bóstwem lub boskim pełnomocnikiem i zadajesz do trzech pytań, na które można odpowiedzieć tak lub nie. Musisz zadać pytania przed zakończeniem czaru. Otrzymujesz poprawną odpowiedź na każde pytanie. Jeśli rzucisz to zaklęcie więcej niż raz przed zakończeniem długiego odpoczynku, istnieje kumulatywna szansa 25 procent przy każdym rzuceniu po pierwszym, że nie otrzymasz odpowiedzi.",""
"Komunia z Naturą","5.","1 min.","1 minuta","Wróżenie (rytuał)","Własny","W, S","Druid, Łowca","","Paladyn (Ancients), Barbarzyńca (Wild Heart)","Komunikujesz się z duchami natury i zyskujesz wiedzę o otaczającym obszarze. Na zewnątrz zaklęcie daje wiedzę o obszarze w promieniu 4,5 km od ciebie. W jaskiniach i innych naturalnych podziemiach promień jest ograniczony do 90 m. Zaklęcie nie działa tam, gdzie natura została zastąpiona przez konstrukcje. Wybierz trzy fakty: lokalizacje osad, portali, istoty o ST 10+, zbiorników wodnych, najpowszechniejszych roślin/minerałów/bestii.",""
"Wymuszony Pojedynek","1.","Dodatkowa","Koncentracja, do 1 minuty","Zauroczenie","9 m","W","Paladyn","","Paladyn (Crown)","Próbujesz zmusić istotę do pojedynku. Jedna istota, którą widzisz w zasięgu, wykonuje rzut obronny na Mądrość. Przy nieudanym rzucie cel ma utrudnienie w rzutach na atak przeciwko istotm innym niż ty i nie może dobrowolnie oddalić się od ciebie na odległość większą niż 9 m. Zaklęcie kończy się, jeśli zaatakujesz kogoś innego, rzucisz czar na innego wroga, sojusznik zrani cel lub zakończysz turę dalej niż 9 m od celu.",""
"Zrozumienie Języków","1.","Akcja","1 godzina","Wróżenie (rytuał)","Własny","W, S, M (szczypta sadzy i soli)","Bard, Zaklinacz, Czarownik, Mag","","Łotr (Arcane Trickster), Bard (Lore), Mag (Diviner), Wojownik (Eldritch Knight)","Przez czas trwania czaru rozumiesz dosłowne znaczenie każdego języka, który słyszysz lub widzisz migany. Rozumiesz również każdy język pisany, który widzisz, ale musisz dotykać powierzchni, na której napisane są słowa. Przeczytanie jednej strony tekstu zajmuje około 1 minuty. Zaklęcie to nie dekoduje symboli ani tajnych wiadomości.",""
"Przymus","4.","Akcja","Koncentracja, do 1 minuty","Zauroczenie","9 m","W, S","Bard","","Paladyn (Glory), Kleryk (Order)","Każda wybrana przez ciebie istota, którą widzisz w zasięgu, musi odnieść sukces w rzucie obronnym na Mądrość lub otrzymać stan Zauroczony do zakończenia czaru. Przez czas trwania czaru możesz użyć akcji dodatkowej, aby wyznaczyć kierunek poziomy. Każdy zauroczony cel musi użyć tyle ruchu, ile to możliwe, aby poruszyć się w tym kierunku w swojej następnej turze, wybierając najbezpieczniejszą drogę. Po ruchu cel powtarza rzut obronny.",""
"Stożek Zimna","5.","Akcja","Natychmiastowy","Wywoływanie","Własny","W, S, M (mały kryształowy lub szklany stożek)","Druid, Zaklinacz, Mag","","Artymag (Artillerist), Druid (Land), Mag (Evoker), Czarownik (Fathomless), Czarownik (Genie)","Wypuszczasz podmuch zimnego powietrza. Każda istota w 18-metrowym stożku wywodzącym się od ciebie wykonuje rzut obronny na Kondycję, otrzymując 8d8 obrażeń od zimna przy nieudanym rzucie lub połowę przy udanym. Istota zabita tym czarem staje się zamrożonym posągiem, dopóki nie odtaje.","Użycie komórki czaru wyższego poziomu. Obrażenia wzrastają o 1d8 za każdy poziom komórki powyżej 5."
"Zamęt","4.","Akcja","Koncentracja, do 1 minuty","Zauroczenie","27 m","W, S, M (trzy łupiny orzecha)","Bard, Druid, Zaklinacz, Mag","","Łotr (Arcane Trickster), Druid (Spores), Wojownik (Eldritch Knight), Czarownik (Great Old One), Kleryk (Knowledge), Paladyn (Oathbreaker), Kleryk (Trickery)","Każda istota w sferze o promieniu 3 m wycentrowanej na punkcie w zasięgu musi odnieść sukces w rzucie obronnym na Mądrość, inaczej nie może podejmować akcji dodatkowych ani reakcji i musi rzucać k10 na początku każdej swojej tury, aby określić swoje zachowanie (1: ruch w losowym kierunku, 2-6: brak akcji i ruchu, 7-8: atak wręcz na losową istotę, 9-10: normalne zachowanie). Cel powtarza rzut na końcu każdej tury.","Użycie komórki czaru wyższego poziomu. Promień sfery wzrasta o 1,5 m za każdy poziom komórki powyżej 4."
"Przywołanie Zwierząt","3.","Akcja","Koncentracja, do 10 minut","Przywoływanie","18 m","W, S","Druid, Łowca","","Druid (Moon), Bard (Lore)","Przywołujesz duchy natury, które pojawiają się jako duża wataha widmowych, niematerialnych zwierząt w wolnym miejscu w zasięgu. Wataha trwa przez czas trwania czaru. Masz ułatwienie w rzutach obronnych na Siłę, gdy jesteś w promieniu 1,5 m od watahy. Gdy poruszasz się w swojej turze, możesz również przesunąć watahę o maksymalnie 9 m. Ilekroć wataha znajdzie się w promieniu 3 m od istoty lub istota wejdzie na ten obszar, możesz zmusić ją do rzutu obronnego na Zręczność. Przy porażce otrzymuje 3d10 obrażeń tnących.","Użycie komórki czaru wyższego poziomu. Obrażenia wzrastają o 1d10 za każdy poziom komórki powyżej 3."
"Przywołanie Salwy","3.","Akcja","Natychmiastowy","Przywoływanie","Własny","W, S, M (broń biała lub dystansowa o wartości co najmniej 1 sm)","Łowca","","Artymag (Battle Smith)","Wymachujesz bronią użytą do rzucenia czaru i przywołujesz podobne widmowe bronie, które wystrzeliwują do przodu. Każda wybrana przez ciebie istota w 18-metrowym stożku wykonuje rzut obronny na Zręczność, otrzymując 5d8 obrażeń od mocy przy nieudanym rzucie lub połowę przy udanym.","Użycie komórki czaru wyższego poziomu. Obrażenia wzrastają o 1d8 za każdy poziom komórki powyżej 3."
"Przywołanie Niebiańskiego","7.","Akcja","Koncentracja, do 10 minut","Przywoływanie","27 m","W, S","Kleryk","","Zaklinacz (Divine Soul)","Przywołujesz ducha z Planów Wyższych, który manifestuje się jako filar światła w cylindrze o promieniu 3 m i wysokości 12 m. Dla każdej istoty w cylindrze wybierasz światło: Uzdrawiające (4d12 + modyfikator PZ) lub Palące (6d12 obrażeń od jasności, rzut na Zręczność o połowę). Możesz przesuwać cylinder o 9 m w swojej turze. Istota może zostać objęta działaniem tylko raz na turę.","Użycie komórki czaru wyższego poziomu. Leczenie i obrażenia wzrastają o 1d12 za każdy poziom komórki powyżej 7."
"Przywołanie Żywiołaka","5.","Akcja","Koncentracja, do 10 minut","Przywoływanie","18 m","W, S","Druid, Mag","","Druid (Sea)","Przywołujesz dużego, niematerialnego ducha z Planów Żywiołów. Wybierz żywioł: powietrze (błyskawice), ziemia (grom), ogień (ogień) lub woda (zimno). Ilekroć istota wejdzie w obszar ducha lub zacznie turę w promieniu 1,5 m od niego, możesz zmusić ją do rzutu obronnego na Zręczność. Przy porażce otrzymuje 8d8 obrażeń i zostaje unieruchomiona.","Użycie komórki czaru wyższego poziomu. Obrażenia wzrastają o 1d8 za każdy poziom komórki powyżej 5."
"Przywołanie Fey","6.","Akcja","Koncentracja, do 10 minut","Przywoływanie","18 m","W, S","Druid","","","Przywołujesz średniego ducha z Feywild. Duch trwa przez czas trwania czaru i wygląda jak wybrane przez ciebie stworzenie fey. Gdy się pojawi, możesz wykonać jeden atak wręcz czarem przeciwko istocie w promieniu 1,5 m od niego. Przy trafieniu cel otrzymuje 3d12 + modyfikator obrażeń psychicznych i zostaje przerażony do początku twojej następnej tury. Jako akcję dodatkową możesz teleportować ducha o 9 m i powtórzyć atak.","Użycie komórki czaru wyższego poziomu. Obrażenia wzrastają o 1d12 za każdy poziom komórki powyżej 6."
"Przywołanie Mniejszych Żywiołaków","4.","Akcja","Koncentracja, do 10 minut","Przywoływanie","Własny","W, S","Druid, Mag","","Łotr (Arcane Trickster), Wojownik (Eldritch Knight)","Przywołujesz duchy z Planów Żywiołów, które krążą wokół ciebie w emanacji o promieniu 4,5 m. Dopóki zaklęcie trwa, każdy twój atak zadaje dodatkowe 2d8 obrażeń, gdy trafisz istotę w emanacji (typ: kwas, zimno, ogień lub błyskawice). Dodatkowo ziemia w emanacji jest trudnym terenem dla twoich wrogów.","Użycie komórki czaru wyższego poziomu. Obrażenia wzrastają o 1d8 za każdy poziom komórki powyżej 4."
"Przywołanie Salwy","5.","Akcja","Natychmiastowy","Przywoływanie","45 m","W, S, M (broń biała lub dystansowa o wartości co najmniej 1 sm)","Łowca","","","Wymachujesz bronią użytą do rzucenia czaru i wybierasz punkt w zasięgu. Setki podobnych widmowych broni spadają salwą. Każda wybrana przez ciebie istota w cylindrze o promieniu 12 m i wysokości 6 m wycentrowanym na tym punkcie wykonuje rzut obronny na Zręczność. Istota otrzymuje 8d8 obrażeń od mocy przy nieudanym rzucie lub połowę przy udanym.",""
"Przywołanie Leśnych Istot","4.","Akcja","Koncentracja, do 10 minut","Przywoływanie","Własny","W, S","Druid, Łowca","","","Przywołujesz duchy natury, które krążą wokół ciebie w emanacji o promieniu 3 m. Ilekroć emanacja wejdzie na miejsce istoty lub istota wejdzie w emanację, musi wykonać rzut obronny na Mądrość. Przy porażce otrzymuje 5d8 obrażeń od mocy lub połowę przy sukcesie. Istota wykonuje ten rzut tylko raz na turę. Możesz również podejmować akcję Wycofania jako akcję dodatkową.","Użycie komórki czaru wyższego poziomu. Obrażenia wzrastają o 1d8 za każdy poziom komórki powyżej 4."
"Kontakt z Innym Planem","5.","1 min.","1 minuta","Wróżenie (rytuał)","Własny","W","Czarownik, Mag","","Mag (Diviner)","Kontaktujesz się mentalnie z półbogiem, duchem mędrca lub inną wiedzącą istotą. Kontakt ten może złamać twój umysł. Wykonaj rzut obronny na Inteligencję o ST 15. Przy sukcesie możesz zadać do pięciu pytań (odpowiedzi: tak, nie, może, nigdy, nieistotne, niejasne). Przy porażce otrzymujesz 6d6 obrażeń psychicznych i masz stan Obezwładniony do końca długiego odpoczynku.",""
"Zarażenie","5.","Akcja","7 dni","Nekromancja","Dotyk","W, S","Kleryk, Druid","","Druid (Spores), Zaklinacz (Divine Soul), Paladyn (Oathbreaker), Czarownik (Undying)","Twój dotyk wywołuje magiczną zarazę. Cel musi odnieść sukces w rzucie obronnym na Kondycję lub otrzymać 11d8 obrażeń nekrotycznych i stan Zatruły. Wybierz jedną cechę; cel ma utrudnienie w rzutach obronnych tą cechą, dopóki jest zatruły. Cel powtarza rzut na końcu każdej tury, aż uzyska trzy sukcesy lub trzy porażki. Trzy porażki oznaczają, że choroba trwa 7 dni.",""
"Zabezpieczenie","6.","10 min.","10 dni","Odrzucanie","Własny","W, S, M (wysadzana klejnotami statuetka ciebie o wartości 1500+ SZ)","Mag","","Mag (Abjurer)","Wybierz czar poziomu 5 lub niższego, który możesz rzucić, o czasie rzucania 1 akcji i który może obrać cię za cel. Rzucasz ten czar jako część rzucania Zabezpieczenia. Określasz warunek wyzwalający. Gdy warunek zostanie spełniony, czar wchodzi w życie natychmiast, działając tylko na ciebie. Możesz mieć tylko jedno Zabezpieczenie aktywne na raz.",""
"Niegasnący Płomień","2.","Akcja","Do rozproszenia","Wywoływanie","Dotyk","W, S, M (pył rubinowy o wartości 50+ SZ, który zaklęcie zużywa)","Artymag, Kleryk, Druid, Mag","","Łotr (Arcane Trickster), Bard (Lore), Zaklinacz (Divine Soul), Wojownik (Eldritch Knight), Mag (Evoker)","Płomień wystrzeliwuje z przedmiotu, którego dotykasz. Daje on jasne światło w promieniu 6 m i słabe światło przez kolejne 6 m. Wygląda jak zwykły płomień, ale nie wytwarza ciepła i nie zużywa paliwa. Płomienia nie można zdusić ani zgasić.",""
"Kontrola Płomieni","Sztuczka","Akcja","Natychmiastowy lub 1 godzina","Przemiana","18 m","S","","Druid, Zaklinacz, Mag","Łotr (Arcane Trickster), Bard (Lore), Wojownik (Eldritch Knight)","Wybierasz niemagiczny płomień w zasięgu, mieszczący się w 1,5-metrowym sześcianie. Możesz: rozszerzyć go o 1,5 m, zgasić go, zmienić jasność lub kolor na 1 godzinę, tworzyć proste kształty na 1 godzinę. Możesz mieć do trzech nie-natychmiastowych efektów aktywnych na raz.",""
"Kontrola Wody","4.","Akcja","Koncentracja, do 10 minut","Przemiana","90 m","W, S, M (mieszanka wody i pyłu)","Kleryk, Druid, Mag","","Łotr (Arcane Trickster), Druid (Sea), Zaklinacz (Divine Soul), Wojownik (Eldritch Knight), Czarownik (Fathomless), Czarownik (Genie)","Kontrolujesz wodę wewnątrz wybranego obszaru będącego sześcianem o boku do 30 m. Efekty: Powódź (poziom wody podnosi się o 6 m), Rozdzielenie wody (tworzysz rów), Przekierowanie nurtu, Wir (o szerokości 1,5 m u podstawy i 15 m u góry, zadaje 2d8 obrażeń obuchowych).",""
"Kontrola Pogody","8.","10 min.","Koncentracja, do 8 godzin","Przemiana","Własny","W, S, M (palące się kadzidło)","Kleryk, Druid, Mag","","Zaklinacz (Divine Soul)","Przejmujesz kontrolę nad pogodą w promieniu 7,5 km od siebie. Musisz być na zewnątrz. Możesz zmieniać opady, temperaturę i wiatr o jeden stopień na raz. Zmiana zajmuje 1d4 x 10 minut.",""
"Kontrola Wiatrów","5.","Akcja","Koncentracja, do 1 godziny","Przemiana","90 m","W, S","","Druid, Zaklinacz, Mag","","Przejmujesz kontrolę nad powietrzem w 30-metrowym sześcianie w zasięgu. Efekty: Podmuchy (utrudnienie dla ataków dystansowych), Prąd zstępujący (powala latające istoty), Prąd wstępujący (zmniejsza obrażenia od upadku).",""
"Kordon Strzał","2.","Akcja","8 godzin","Przemiana","Dotyk","W, S, M (cztery lub więcej strzał lub bełtów)","Łowca","","","Dotykasz do czterech niemagicznych strzał lub bełtów i wbijasz je w ziemię na swoim miejscu. Ilekroć istota inna niż ty wejdzie w promień 9 m od amunicji, jedna strzała wylatuje, by ją uderzyć. Cel musi odnieść sukces w rzucie obronnym na Zręczność lub otrzymać 2d4 obrażeń kłutych.","Użycie komórki czaru wyższego poziomu. Liczba amunicji wzrasta o dwie za każdy poziom komórki powyżej 2."
"Przeciwzaklęcie","3.","Reakcja","Natychmiastowy","Odrzucanie","18 m","S","Zaklinacz, Czarownik, Mag","","Mag (Abjurer), Łotr (Arcane Trickster), Bard (Lore), Wojownik (Eldritch Knight), Paladyn (Redemption), Paladyn (Watchers)","Próbujesz przerwać istocie proces rzucania czaru. Istota wykonuje rzut obronny na Kondycję. Przy porażce czar rozprasza się bez efektu, a akcja użyta do jego rzucenia zostaje zmarnowana. Jeśli czar był rzucany z komórki, nie zostaje ona zużyta.",""
"Stworzenie Ogniska","Sztuczka","Akcja","Koncentracja, do 1 minuty","Przywoływanie","18 m","W, S","","Druid, Zaklinacz, Czarownik, Mag","Łotr (Arcane Trickster), Bard (Lore), Wojownik (Eldritch Knight)","Tworzysz ognisko na ziemi w zasięgu. Wypełnia ono 1,5-metrowy sześcian. Każda istota na tym miejscu musi odnieść sukces w rzucie obronnym na Zręczność lub otrzymać 1d8 obrażeń od ognia. Obrażenia wzrastają o 1d8 na 5., 11. i 17. poziomie.",""
"Stworzenie Żywności i Wody","3.","Akcja","Natychmiastowy","Przywoływanie","9 m","W, S","Artymag, Kleryk, Paladyn","","Bard (Lore), Zaklinacz (Divine Soul), Czarownik (Genie)","Tworzysz 20 kg jedzenia i 115 litrów świeżej wody na ziemi lub w pojemnikach w zasięgu. Jedzenie jest mdłe, ale pożywne i psuje się po 24 godzinach.",""
"Stworzenie Homunkulusa","6.","1 godz.","Natychmiastowy","Przemiana","Dotyk","W, S, M (glina, popiół i korzeń mandragory, oraz wysadzany klejnotami sztylet o wartości 1000+ SZ)","","Mag","","Nacinasz się sztyletem, otrzymując 2d4 obrażeń kłutych, i skrapiasz krwią komponenty, tworząc homunkulusa. Jest on twoim wiernym towarzyszem. Możesz poświęcać własne Kości Wytrzymałości, by zwiększyć jego punkty wytrzymałości.",""
"Stworzenie Nieumarłych","6.","1 min.","Natychmiastowy","Nekromancja","3 m","W, S, M (jeden czarny onyks o wartości 150+ SZ na każde zwłoki)","Kleryk, Czarownik, Mag","","Zaklinacz (Divine Soul)","Możesz rzucić ten czar tylko w nocy. Wybierz do trzech zwłok średnich lub małych humanoidów. Każde staje się ghulem pod twoją kontrolą na 24 godziny. Możesz wydawać im rozkazy akcją dodatkową.","Użycie komórki czaru wyższego poziomu. Poziom 7: cztery ghule. Poziom 8: pięć ghuli lub dwa ghasty/upiory. Poziom 9: sześć ghuli, trzy ghasty/upiory lub dwie mumie."
"Stworzenie lub Zniszczenie Wody","1.","Akcja","Natychmiastowy","Przemiana","9 m","W, S, M (mieszanka wody i piasku)","Kleryk, Druid","","Bard (Lore), Zaklinacz (Divine Soul), Czarownik (Fathomless)","Stworzenie wody: do 40 litrów w pojemniku lub jako deszcz w 9-metrowym sześcianie. Zniszczenie wody: do 40 litrów w pojemniku lub mgła w 9-metrowym sześcianie.","Użycie komórki czaru wyższego poziomu. Dodatkowe 40 litrów lub zwiększenie sześcianu o 1,5 m za każdy poziom powyżej 1."
"Kreacja","5.","1 min.","Specjalny","Iluzja","9 m","W, S, M (pędzel)","Zaklinacz, Mag","","Kleryk (Forge), Mag (Illusionist), Czarownik (Genie)","Wyciągasz pasma cienia z Shadowfell, by stworzyć przedmiot w zasięgu. Przedmiot musi mieścić się w 1,5-metrowym sześcianie. Czas trwania zależy od materiału: roślinny (24h), kamień (12h), metale szlachetne (1h), klejnoty (10 min), adamantyt/mitryl (1 min).","Użycie komórki czaru wyższego poziomu. Sześcian powiększa się o 1,5 m za każdy poziom powyżej 5."
"Korona Szaleństwa","2.","Akcja","Koncentracja, do 1 minuty","Zauroczenie","36 m","W, S","Bard, Zaklinacz, Czarownik, Mag","","Łotr (Arcane Trickster), Bard (Lore), Wojownik (Eldritch Knight), Paladyn (Oathbreaker)","Jedna istota, którą widzisz w zasięgu, musi odnieść sukces w rzucie obronnym na Mądrość lub otrzymać stan Zauroczony. Na jej głowie pojawia się widmowa korona. Musi ona użyć akcji przed ruchem, by zaatakować wręcz wybraną przez ciebie istotę. Musisz używać akcji Magii w kolejnych turach, by utrzymać kontrolę.",""
"Korona Gwiazd","7.","Akcja","1 godzina","Wywoływanie","Własny","W, S","","Zaklinacz, Czarownik, Mag","Mag (Evoker)","Siedem gwiazdopodobnych drobin światła pojawia się i krąży wokół twojej głowy. Możesz użyć akcji dodatkowej, by posłać jedną w stronę celu w promieniu 36 m. Atak dystansowy czarem zadaje 4d12 obrażeń od jasności. Drobiny dają jasne światło w promieniu 9 m.","Na wyższych poziomach. Liczba drobin wzrasta o dwie za każdy poziom komórki powyżej 7."
"Opończa Krzyżowca","3.","Akcja","Koncentracja, do 1 minuty","Wywoływanie","Własny","W","Paladyn","","Kleryk (War)","Promieniujesz magiczną aurą w emanacji o promieniu 9 m. Będąc w aurze, ty i twoi sojusznicy zadajecie dodatkowe 1d4 obrażeń od jasności przy trafieniu bronią lub uderzeniem bez broni.",""
"Leczenie Ran","1.","Akcja","Natychmiastowy","Odrzucanie","Dotyk","W, S","Artymag, Bard, Kleryk, Druid, Paladyn, Łowca","","Czarownik (Celestial), Druid (Wildfire), Druid (Moon), Bard (Lore), Zaklinacz (Divine Soul), Kleryk (Life)","Dotknięta istota odzyskuje liczbę punktów wytrzymałości równą 2d8 plus twój modyfikator cechy czarującej.","Użycie komórki czaru wyższego poziomu. Leczenie wzrasta o 2d8 za każdy poziom komórki powyżej 1."
"Tańczące Światła","Sztuczka","Akcja","Koncentracja, do 1 minuty","Iluzja","36 m","W, S, M (kawałek fosforu)","Artymag, Bard, Zaklinacz, Mag","","Mag (Abjurer), Łotr (Arcane Trickster), Bard (Lore), Wojownik (Eldritch Knight), Mag (Illusionist)","Tworzysz do czterech świateł wielkości pochodni w zasięgu. Każde daje słabe światło w promieniu 3 m. Jako akcję dodatkową możesz przesunąć światła o maksymalnie 18 m.",""
"Danse Macabre","5.","Akcja","Koncentracja, do 1 godziny","Nekromancja","18 m","W, S","","Czarownik, Mag","","Czarne nici mocy przebijają do pięciu małych lub średnich zwłok w zasięgu. Każde wstaje jako zombie lub szkielet i zyskuje bonus do ataku i obrażeń równy twojemu modyfikatorowi cechy czarującej. Możesz wydawać im rozkazy akcją dodatkową.","Na wyższych poziomach. Liczba ożywionych zwłok wzrasta o dwa za każdy poziom komórki powyżej 5."
"Ciemność","2.","Akcja","Koncentracja, do 10 minut","Wywoływanie","18 m","W, M (futro nietoperza i kawałek węgla)","Zaklinacz, Czarownik, Mag","","Łotr (Arcane Trickster), Bard (Lore), Wojownik (Eldritch Knight), Mag (Evoker), Paladyn (Oathbreaker), Zaklinacz (Shadow)","Magiczna ciemność rozchodzi się z punktu w zasięgu i wypełnia sferę o promieniu 4,5 m. Widzenie w ciemności nie może przez nią przeniknąć. Jeśli rzucisz czar na przedmiot, ciemność wypełnia emanację o promieniu 4,5 m z tego przedmiotu.",""
"Widzenie w Ciemności","2.","Akcja","8 godzin","Przemiana","Dotyk","W, S, M (suszona marchewka)","Artymag, Druid, Łowca, Zaklinacz, Mag","","Łotr (Arcane Trickster), Bard (Lore), Wojownik (Eldritch Knight)","Przez czas trwania czaru chętna istota, której dotkniesz, zyskuje Widzenie w ciemności o zasięgu 45 m.",""
"Świt","5.","Akcja","Koncentracja, do 1 minuty","Wywoływanie","18 m","W, S, M (wisior w kształcie słońca o wartości co najmniej 100 SZ)","","Kleryk, Mag","Zaklinacz (Divine Soul), Mag (Evoker)","Światło świtu pada na wybrane miejsce. Cylinder o promieniu 9 m i wysokości 12 m wypełnia się jasnym światłem słonecznym. Każda istota wewnątrz musi wykonać rzut obronny na Kondycję, otrzymując 4d10 obrażeń od jasności przy porażce. Możesz przesuwać cylinder o 18 m akcją dodatkową.",""
"Światło Dnia","3.","Akcja","1 godzina","Wywoływanie","18 m","W, S","Kleryk, Druid, Paladyn, Łowca, Zaklinacz","","Czarownik (Celestial), Bard (Lore), Zaklinacz (Divine Soul), Kleryk (Light)","Światło słoneczne rozchodzi się z punktu w zasięgu i wypełnia sferę o promieniu 18 m. Obszar ten jest jasnym światłem, a przez kolejne 18 m daje słabe światło. Rozprasza ciemność stworzoną czarem poziomu 3 lub niższego.",""
"Ochrona przed Śmiercią","4.","Akcja","8 godzin","Odrzucanie","Dotyk","W, S","Kleryk, Paladyn","","Artymag (Alchemist), Zaklinacz (Divine Soul), Kleryk (Grave), Kleryk (Life), Czarownik (Undead), Czarownik (Undying)","Dotykasz istoty i zapewniasz jej ochronę. Gdyby cel miał spaść do 0 punktów wytrzymałości, zamiast tego spada do 1, a zaklęcie kończy się. Chroni również przed efektami natychmiastowej śmierci.",""
"Odroczona Kula Ognia","7.","Akcja","Koncentracja, do 1 minuty","Wywoływanie","45 m","W, S, M (kulka z guana nietoperza i siarki)","Zaklinacz, Mag","","Mag (Evoker)","Promień żółtego światła kondensuje się w wybranym punkcie jako świecący koralik. Gdy zaklęcie się kończy, koralik wybucha w sferze o promieniu 6 m. Bazowe obrażenia to 12d6 od ognia, wzrastające o 1d6 z każdą twoją turą. Jeśli ktoś dotknie koralika, musi wykonać rzut na Zręczność, inaczej następuje wybuch.","Użycie komórki czaru wyższego poziomu. Bazowe obrażenia wzrastają o 1d6 za każdy poziom powyżej 7."
"Półplan","8.","Akcja","1 godzina","Przywoływanie","18 m","S","Zaklinacz, Czarownik, Mag","","","Tworzysz cieniste drzwi na płaskiej powierzchni. Prowadzą one do półplanu będącego pustym pokojem o wymiarach 9x9x9 m. Gdy zaklęcie się kończy, drzwi znikają, a wszystko wewnątrz pozostaje. Możesz łączyć się z wcześniej stworzonymi półplanami.",""
"Niszczycielska Fala","5.","Akcja","Natychmiastowy","Wywoływanie","Własny","W","Paladyn","","","Niszczycielska energia rozchodzi się od ciebie w emanacji o promieniu 9 m. Każda wybrana przez ciebie istota wykonuje rzut obronny na Kondycję. Przy porażce otrzymuje 5d6 obrażeń od gromu oraz 5d6 obrażeń od jasności lub nekrotycznych (twój wybór) i zostaje powalona.",""
"Wykrycie Zła i Dobra","1.","Akcja","Koncentracja, do 10 minut","Wróżenie","Własny","W, S","Kleryk, Paladyn","","Bard (Lore), Zaklinacz (Divine Soul), Czarownik (Genie)","Wyczuwasz lokalizację każdej aberracji, niebiańskiego, żywiołaka, fey, biesa lub nieumarłego w promieniu 9 m od siebie. Wyczuwasz również działanie czaru Poświęcenie.",""
"Wykrycie Magii","1.","Akcja","Koncentracja, do 10 minut","Wróżenie (rytuał)","Własny","W, S","Artymag, Bard, Kleryk, Druid, Paladyn, Łowca, Zaklinacz, Czarownik, Mag","","Łotr (Arcane Trickster), Bard (Lore), Zaklinacz (Divine Soul), Mag (Diviner), Wojownik (Eldritch Knight), Paladyn (Watchers)","Wyczuwasz obecność magicznych efektów w promieniu 9 m od siebie. Możesz użyć akcji Magii, by zobaczyć poświatę wokół magicznych istot lub przedmiotów i poznać szkołę magii czaru.",""
"Wykrycie Trucizny i Choroby","1.","Akcja","Koncentracja, do 10 minut","Wróżenie (rytuał)","Własny","W, S, M (liść cisu)","Kleryk, Druid, Paladyn, Łowca","","Bard (Lore), Zaklinacz (Divine Soul)","Wyczuwasz lokalizację trucizn, trujących stworzeń i magicznych zaraz w promieniu 9 m od siebie. Poznasz ich rodzaj.",""
"Wykrycie Myśli","2.","Akcja","Koncentracja, do 1 minute","Wróżenie","Własny","W, S, M (1 miedziak)","Bard, Zaklinacz, Mag","","Zaklinacz (Aberrant Mind), Zaklinacz (Aberrant), Łotr (Arcane Trickster), Bard (Lore), Mag (Diviner), Wojownik (Eldritch Knight), Czarownik (Great Old One)","Wyczuwasz obecność myśli w promieniu 9 m. Możesz spróbować czytać myśli konkretnej istoty. Jeśli spróbujesz wejść głębiej, cel wykonuje rzut na Mądrość. Przy porażce poznajesz jego emocje i to, co go trapi. Cel wie, że sondujesz jego umysł.",""
"Drzwi Przestrzenne","4.","Akcja","Natychmiastowy","Przywoływanie","150 m","W","Bard, Zaklinacz, Czarownik, Mag","","Łotr (Arcane Trickster), Wojownik (Eldritch Knight), Łowca (Fey Wanderer), Paladyn (Vengeance), Kleryk (Trickery)","Teleportujesz się w wybrane miejsce w zasięgu. Możesz zabrać ze sobą jedną chętną istotę w promieniu 1,5 m od ciebie. Jeśli miejsce docelowe jest zajęte, otrzymujecie po 4d6 obrażeń od mocy, a teleportacja zawodzi.",""
"Przebranie","1.","Akcja","1 godzina","Iluzja","Własny","W, S","Artymag, Bard, Zaklinacz, Mag","","Łotr (Arcane Trickster), Bard (Lore), Wojownik (Eldritch Knight), Łowca (Gloom Stalker), Mag (Illusionist), Kleryk (Trickery)","Zmieniasz swój wygląd, w tym ubranie i ekwipunek. Możesz wydawać się o 30 cm niższy lub wyższy. Iluzja nie wytrzymuje fizycznej inspekcji. Aby cię przejrzeć, istota musi użyć akcji Badania i odnieść sukces w teście Inteligencji (Śledztwo).",""
"Dezyntegracja","6.","Akcja","Natychmiastowy","Przemiana","18 m","W, S, M (magnetyt i pył)","Zaklinacz, Mag","","","Wypuszczasz zielony promień w cel. Istota wykonuje rzut obronny na Zręczność. Przy porażce otrzymuje 10d6 + 40 obrażeń od mocy. Jeśli spadnie do 0 PZ, zostaje obrócona w pył. Zaklęcie automatycznie niszczy niemagiczne przedmioty rozmiaru dużego lub mniejszego.","Użycie komórki czaru wyższego poziomu. Obrażenia wzrastają o 3d6 za każdy poziom powyżej 6."
"Rozproszenie Zła i Dobra","5.","Akcja","Koncentracja, do 1 minuty","Odrzucanie","Własny","W, S, M (sproszkowane srebro i żelazo)","Kleryk, Paladyn","","Zaklinacz (Divine Soul)","Niebiańscy, żywiołaki, fey, biesy i nieumarli mają utrudnienie w rzutach na atak przeciwko tobie. Możesz zakończyć czar, by: Przełamać zauroczenie/przerażenie lub Odesłać istotę na jej plan macierzysty (rzut na Charyzmę).",""
"Rozproszenie Magii","3.","Akcja","Natychmiastowy","Odrzucanie","36 m","W, S","Artymag, Bard, Kleryk, Druid, Paladyn, Łowca, Zaklinacz, Czarownik, Mag","","Mag (Abjurer), Łotr (Arcane Trickster), Zaklinacz (Clockwork), Bard (Lore), Zaklinacz (Divine Soul), Wojownik (Eldritch Knight), Paladyn (Devotion), Kleryk (Trickery)","Wybierz istotę, przedmiot lub efekt magiczny. Każdy trwający czar poziomu 3 lub niższego kończy się. Dla wyższych poziomów wykonaj test cechy czarującej (ST 10 + poziom czaru).","Użycie komórki czaru wyższego poziomu. Automatycznie kończysz czary o poziomie równym lub niższym od użytej komórki."
"Dysonansowe Szepty","1.","Akcja","Natychmiastowy","Zauroczenie","18 m","W","Bard","","Zaklinacz (Aberrant Mind), Zaklinacz (Aberrant), Czarownik (Great Old One)","Wybrana istota słyszy w myślach dysonansową melodię. Wykonuje rzut na Mądrość. Przy porażce otrzymuje 3d6 obrażeń psychicznych i musi natychmiast użyć reakcji, by uciec jak najdalej od ciebie. Przy sukcesie otrzymuje połowę obrażeń.","Użycie komórki czaru wyższego poziomu. Obrażenia wzrastają o 1d6 za każdy poziom powyżej 1."
"Wróżbiarstwo","4.","Akcja","Natychmiastowy","Wróżenie (rytuał)","Własny","W, S, M (kadzidło o wartości 25+ SZ, które zaklęcie zużywa)","Kleryk, Druid, Mag","","Łotr (Arcane Trickster), Druid (Land), Zaklinacz (Divine Soul), Mag (Diviner), Wojownik (Eldritch Knight)","Zadajesz jedno pytanie dotyczące celu, wydarzenia lub aktywności, która ma nastąpić w ciągu 7 dni. MG udziela prawdziwej odpowiedzi, która może być krótką frazą lub zagadką. Szansa na brak odpowiedzi rośnie przy kolejnych rzutach przed długim odpoczynkiem.",""
"Boska Przychylność","1.","Dodatkowa","1 minuta","Przemiana","Własny","W, S","Paladyn","","Kleryk (War)","Dopóki zaklęcie trwa, twoje ataki bronią zadają dodatkowe 1d4 obrażeń od jasności przy trafieniu.",""
"Boskie Uderzenie","1.","Dodatkowa","Natychmiastowy","Wywoływanie","Własny","W","Paladyn","","","Cel otrzymuje dodatkowe 2d8 obrażeń od jasności. Obrażenia wzrastają o 1d8, jeśli cel jest biesem lub nieumarłym.","Użycie komórki czaru wyższego poziomu. Obrażenia wzrastają o 1d8 za każdy poziom powyżej 1."
"Boskie Słowo","7.","Dodatkowa","Natychmiastowy","Wywoływanie","9 m","W","Kleryk","","Zaklinacz (Divine Soul)","Wypowiadasz słowo nasycone mocą. Każda wybrana istota w zasięgu wykonuje rzut na Charyzmę. Przy porażce cierpi efekt zależny od obecnych PZ: <50 (ogłuszenie 1 min), <40 (oślepienie, ogłuszenie, ogłuszenie 10 min), <30 (oślepienie, ogłuszenie, ogłuszenie 1 godz.), <20 (natychmiastowa śmierć). Biesy, niebiańscy, żywiołaki i fey zostają odesłani na swoje plany.",""
"Dominacja nad Bestią","4.","Akcja","Koncentracja, do 1 minuty","Zauroczenie","18 m","W, S","Druid, Zaklinacz","","Druid (Moon), Łowca (Fey Wanderer)","Próbujesz przejąć kontrolę nad bestią. Musi ona odnieść sukces w rzucie na Mądrość lub otrzymać stan Zauroczony. Masz telepatyczną więź i możesz wydawać jej rozkazy (brak akcji). Możesz przejąć pełną kontrolę nad jej akcjami (używając swojej akcji). Cel powtarza rzut przy każdych obrażeniach.","Użycie komórki czaru wyższego poziomu. Czas trwania: 10 min (poziom 5), 1 godz. (poziom 6), 8 godz. (poziom 7+)."
"Dominacja nad Potworem","8.","Akcja","Koncentracja, do 1 godziny","Zauroczenie","18 m","W, S","Bard, Zaklinacz, Czarownik, Mag","","","Próbujesz przejąć kontrolę nad istotą. Musi ona odnieść sukces w rzucie na Mądrość (z ułatwieniem, jeśli z nią walczysz) lub otrzymać stan Zauroczony. Możesz wydawać jej rozkazy lub przejąć pełną kontrolę nad jej akcjami. Cel powtarza rzut przy każdych obrażeniach.","Użycie komórki czaru wyższego poziomu. Czas trwania: 8 godz. przy użyciu komórki 9. poziomu."
"Dominacja nad Osobą","5.","Akcja","Koncentracja, do 1 minuty","Zauroczenie","18 m","W, S","Bard, Zaklinacz, Mag","","Łotr (Arcane Trickster), Wojownik (Eldritch Knight), Czarownik (Great Old One), Kleryk (Trickery)","Próbujesz przejąć kontrolę nad humanoidem. Musi on odnieść sukces w rzucie na Mądrość (z ułatwieniem, jeśli z nim walczysz) lub otrzymać stan Zauroczony. Możesz wydawać mu rozkazy lub przejąć pełną kontrolę nad jego akcjami. Cel powtarza rzut przy każdych obrażeniach.","Użycie komórki czaru wyższego poziomu. Czas trwania: 10 min (poziom 6), 1 godz. (poziom 7), 8 godz. (poziom 8+)."
"Smoczy Oddech","2.","Dodatkowa","Koncentracja, do 1 minuty","Przemiana","Dotyk","W, S, M (ostra papryczka)","","Zaklinacz, Mag","Łotr (Arcane Trickster), Bard (Lore), Zaklinacz (Draconic), Wojownik (Eldritch Knight)","Dotykasz chętnej istoty i nasycasz ją mocą smoka. Wybierz typ: Kwas, Zimno, Ogień, Błyskawice lub Trucizna. Przez czas trwania istota może użyć akcji, by wyzionąć energię w 4,5-metrowym stożku. Każda istota tam musi wykonać rzut na Zręczność, otrzymując 3d6 obrażeń wybranego typu lub połowę przy sukcesie.","Użycie komórki czaru wyższego poziomu. Obrażenia wzrastają o 1d6 za każdy poziom powyżej 2."
"Rysowanie Mocy","2.","Akcja","Koncentracja, do 1 minuty","Wywoływanie","Własny","W, S","Zaklinacz, Mag","","Mag (Evoker)","Czerpiesz energię z otoczenia. Następny czar zadający obrażenia, który rzucisz przed zakończeniem tego czaru, zadaje dodatkowe 2d6 obrażeń od mocy.","Użycie komórki czaru wyższego poziomu. Dodatkowe obrażenia wzrastają o 1d6 za każdy poziom powyżej 2."
"Sen bez Snów","3.","Akcja","8 godzin","Zauroczenie","Dotyk","W, S","","Bard, Czarownik, Mag","Łotr (Arcane Trickster), Bard (Lore), Wojownik (Eldritch Knight)","Dotykasz chętnej istoty, która zapada w głęboki, magiczny sen. Jeśli istota prześpi pełne 8 godzin, zyskuje korzyści z długiego odpoczynku, nawet jeśli normalnie potrzebowałaby więcej czasu. Zaklęcie kończy się, jeśli istota otrzyma obrażenia.",""
"Uderzenie Druida","Sztuczka","Akcja","1 runda","Przemiana","Dotyk","W, S, M (liść jemioły)","Druid","","Bard (Lore)","Nasycasz swoją broń lub kostur mocą natury. Następny atak wręcz tą bronią przed końcem twojej następnej tury używa twojej cechy czarującej zamiast Siły lub Zręczności do rzutów na atak i obrażenia, a broń zadaje dodatkowe 1d6 obrażeń od mocy. Obrażenia wzrastają o 1d6 na 5., 11. i 17. poziomie.",""
"Trzęsienie Ziemi","8.","Akcja","Koncentracja, do 1 minuty","Wywoływanie","150 m","W, S, M (szczypta ziemi)","Kleryk, Druid, Mag","","Zaklinacz (Divine Soul)","Tworzysz trzęsienie ziemi w promieniu 30 m od punktu w zasięgu. Obszar staje się trudnym terenem. Każda istota na ziemi musi wykonać rzut na Zręczność, by nie zostać powaloną. MG może określić efekty dla struktur (np. zawalenie się).",""
"Eldritch Blast","Sztuczka","Akcja","Natychmiastowy","Wywoływanie","36 m","W, S","Czarownik","","Bard (Lore)","Wystrzeliwujesz promień energii w cel w zasięgu. Wykonaj dystansowy atak czarem. Przy trafieniu cel otrzymuje 1d10 obrażeń od mocy. Zyskujesz dodatkowe promienie na 5. (2), 11. (3) i 17. (4) poziomie. Możesz kierować promienie w ten sam cel lub różne.",""
"Wstrząsające Uderzenie","1.","Dodatkowa","Koncentracja, do 1 minuty","Wywoływanie","Własny","W","Paladyn","","","Następnym razem, gdy trafisz istotę atakiem bronią przed zakończeniem czaru, cel otrzymuje dodatkowe 1d6 obrażeń od gromu i musi odnieść sukces w rzucie na Siłę lub zostać odepchniętym o 3 m i powalonym.",""
"Emocjonalna Bariera","2.","Akcja","Koncentracja, do 1 godziny","Odrzucanie","Dotyk","W, S","","Bard, Kleryk, Mag","Łotr (Arcane Trickster), Bard (Lore), Wojownik (Eldritch Knight)","Dotykasz chętnej istoty. Przez czas trwania czaru ma ona odporność na obrażenia psychiczne oraz ułatwienie w rzutach obronnych przeciwko stanom Zauroczony i Przerażony.",""
"Więź Emocjonalna","4.","Akcja","1 godzina","Zauroczenie","9 m","W, S","Bard","","","Tworzysz więź między maksymalnie sześcioma chętnymi istotami. Przez czas trwania czaru mogą one komunikować się telepatycznie, dopóki znajdują się na tym samym planie egzystencji.",""
"Wrogie Przejęcie","6.","Akcja","Koncentracja, do 1 minuty","Nekromancja","18 m","W, S","","Czarownik, Mag","","Wybierz istotę w zasięgu. Musi ona odnieść sukces w rzucie na Kondycję lub otrzymać 6d10 obrażeń nekrotycznych, a ty odzyskujesz punkty wytrzymałości równe połowie zadanych obrażeń. Przez czas trwania czaru możesz używać akcji, by powtarzać ten efekt na tym samym lub innym celu.",""
"Powiększenie/Zmniejszenie","2.","Akcja","Koncentracja, do 1 minuty","Przemiana","9 m","W, S, M (szczypta proszku żelaznego)","Artymag, Bard, Druid, Zaklinacz, Mag","","Łotr (Arcane Trickster), Bard (Lore), Wojownik (Eldritch Knight)","Powiększenie: cel staje się o jeden rozmiar większy, ma ułatwienie w testach Siły i zadaje dodatkowe 1d4 obrażeń bronią. Zmniejszenie: cel staje się o jeden rozmiar mniejszy, ma utrudnienie w testach Siły i zadaje o 1d4 mniej obrażeń bronią (minimum 1).",""
"Usidlenie","1.","Dodatkowa","Koncentracja, do 1 minuty","Przywoływanie","Własny","W","Łowca","","","Następnym razem, gdy trafisz istotę atakiem bronią dystansową przed zakończeniem czaru, z broni wyrastają kolczaste pnącza. Cel musi odnieść sukces w rzucie na Siłę lub zostać unieruchomionym i otrzymywać 1d6 obrażeń kłutych na początku każdej swojej tury.","Użycie komórki czaru wyższego poziomu. Obrażenia wzrastają o 1d6 za każdy poziom powyżej 1."
"Zniewolenie","1.","Akcja","1 minuta","Zauroczenie","18 m","W, S","Bard, Czarownik","","Bard (Lore)","Wybierasz istotę w zasięgu, która musi odnieść sukces w rzucie na Mądrość lub zostać zniewoloną. Zniewolona istota ma utrudnienie w testach Mądrości (Percepcja), by zauważyć kogokolwiek poza tobą, dopóki zaklęcie trwa.",""
"Kontakt z Naturą","3.","1 min.","Natychmiastowy","Wróżenie (rytuał)","Własny","W, S","Druid, Łowca","","Paladyn (Ancients)","Kontaktujesz się z roślinami i zwierzętami w promieniu 1,5 km. Dowiesz się o źródłach wody, osadach, niebezpiecznych istotach lub niezwykłych zjawiskach pogodowych.",""
"Eteryczność","7.","Akcja","Do 8 godzin","Przemiana","Własny","W, S","Bard, Kleryk, Zaklinacz, Czarownik, Mag","","Zaklinacz (Divine Soul)","Przechodzisz na Plan Eteryczny. Widzisz plan materialny w odcieniach szarości, ale nie możesz na niego oddziaływać. Możesz poruszać się w dowolnym kierunku, w tym w górę i w dół. Zaklęcie kończy się, gdy użyjesz akcji, by powrócić na plan materialny.","Użycie komórki czaru wyższego poziomu. Możesz zabrać do trzech chętnych istot za każdy poziom powyżej 7."
"Wybuchowy Run","3.","1 godz.","Do rozproszenia","Odrzucanie","Dotyk","W, S, M (kadzidło i pył diamentowy o wartości 200+ SZ, które zaklęcie zużywa)","Bard, Mag","","Łotr (Arcane Trickster), Bard (Lore), Wojownik (Eldritch Knight)","Kreślisz run na powierzchni lub wewnątrz książki. Wybierasz warunek wyzwalający (np. otwarcie książki). Gdy run zostanie aktywowany, wybucha, zadając 5d8 obrażeń (typ: kwas, zimno, ogień, błyskawice lub grom) wszystkim w promieniu 6 m.","Użycie komórki czaru wyższego poziomu. Obrażenia wzrastają o 1d8 za każdy poziom powyżej 3."
"Wypędzenie","4.","Akcja","Natychmiastowy","Odrzucanie","18 m","W, S","Kleryk, Paladyn, Zaklinacz, Czarownik, Mag","","Zaklinacz (Divine Soul)","Próbujesz wypędzić istotę na jej plan macierzysty. Cel wykonuje rzut na Charyzmę. Przy porażce zostaje odesłany. Jeśli jest na swoim planie macierzystym, zostaje przeniesiony na bezpieczny półplan na 1 minutę.",""
"Faerie Fire","1.","Akcja","Koncentracja, do 1 minuty","Wywoływanie","18 m","W","Bard, Druid","","Artymag (Artillerist), Bard (Lore), Czarownik (Archfey), Kleryk (Light), Łowca (Swarmkeeper)","Wszystkie obiekty w 6-metrowym sześcianie w zasięgu zostają obrysowane kolorowym światłem. Każda istota na tym obszarze musi odnieść sukces w rzucie na Zręczność, inaczej zostaje obrysowana. Ataki przeciwko obrysowanym istotm mają ułatwienie, a istoty te nie mogą korzystać z niewidzialności.",""
"Fałszywe Życie","1.","Akcja","1 godzina","Nekromancja","Własny","W, S, M (szczypta alkoholu)","Artymag, Zaklinacz, Mag","","Łotr (Arcane Trickster), Bard (Lore), Wojownik (Eldritch Knight), Czarownik (Fiend), Czarownik (Undead)","Czerpiesz z nekromanckiej energii, by zyskać 1d4 + 4 tymczasowych punktów wytrzymałości na czas trwania czaru.","Użycie komórki czaru wyższego poziomu. Zyskujesz dodatkowe 5 tymczasowych punktów wytrzymałości za każdy poziom powyżej 1."
"Strach","3.","Akcja","Koncentracja, do 1 minuty","Iluzja","Własny","W, S, M (pióro kury)","Bard, Zaklinacz, Czarownik, Mag","","Łotr (Arcane Trickster), Bard (Lore), Wojownik (Eldritch Knight), Paladyn (Conquest), Paladyn (Oathbreaker)","Tworzysz iluzoryczny obraz najgorszych lęków. Każda istota w 9-metrowym stożku wywodzącym się od ciebie musi odnieść sukces w rzucie na Mądrość lub otrzymać stan Przerażony. Przerażona istota musi uciekać najbezpieczniejszą drogą. Może powtórzyć rzut, gdy straci cię z oczu.",""
"Powolne Spadanie","1.","Reakcja","1 minuta","Przemiana","18 m","W, M (małe piórko)","Bard, Zaklinacz, Mag","","Łotr (Arcane Trickster), Bard (Lore), Wojownik (Eldritch Knight)","Wybierz do pięciu spadających istot w zasięgu. Ich prędkość spadania zostaje zredukowana do 18 m na rundę do końca czaru. Jeśli istota wyląduje przed końcem czaru, nie otrzymuje obrażeń od upadku i ląduje na nogach.",""
"Uderzenie Feya","Sztuczka","Akcja","1 runda","Przywoływanie","Dotyk","W, S, M (płatek kwiatu)","Druid","","Bard (Lore)","Nasycasz swoją broń mocą Feywild. Następny atak wręcz tą bronią przed końcem twojej następnej tury używa twojej cechy czarującej zamiast Siły lub Zręczności, a przy trafieniu cel otrzymuje dodatkowe 1d6 obrażeń psychicznych i musi odnieść sukces w rzucie na Mądrość lub zostać przerażonym tobą do końca swojej następnej tury.",""
"Krok Feya","2.","Dodatkowa","Natychmiastowy","Przywoływanie","Własny","W, S","","Bard, Czarownik, Mag","Łotr (Arcane Trickster), Bard (Lore), Wojownik (Eldritch Knight)","Teleportujesz się o maksymalnie 9 m w wolne miejsce, które widzisz.",""
"Znalezienie Chowańca","1.","1 godz.","Natychmiastowy","Przywoływanie (rytuał)","3 m","W, S, M (węgiel drzewny, kadzidło i zioła o wartości 10 SZ, które zaklęcie zużywa)","Mag","","Łotr (Arcane Trickster), Bard (Lore), Wojownik (Eldritch Knight)","Zyskujesz usługi chowańca, ducha przyjmującego formę wybranego zwierzęcia (np. kota, sowy, węża). Chowaniec działa niezależnie, ale zawsze słucha twoich rozkazów. Możesz widzieć jego oczami i słyszeć jego uszami. Możesz przez niego rzucać czary o zasięgu Dotyk.",""
"Znalezienie Większego Wierzchowca","4.","10 min.","Natychmiastowy","Przywoływanie","9 m","W, S","Paladyn","","","Przywołujesz potężnego ducha, który przybiera formę lojalnego wierzchowca (np. gryfa, pegaza, nosorożca). Wierzchowiec ma statystyki odpowiednie dla swojej formy, ale jego typ zmienia się na niebiański, fey lub bies. Masz z nim więź telepatyczną.",""
"Znalezienie Drogi","6.","1 min.","Koncentracja, do 1 dnia","Wróżenie","Własny","W, S, M (zestaw narzędzi nawigacyjnych)","Bard, Kleryk, Druid, Łowca","","Zaklinacz (Divine Soul)","Zaklęcie to pozwala ci znaleźć najkrótszą i najbezpieczniejszą drogę do konkretnego, stałego miejsca, które znasz na tym samym planie egzystencji. Dopóki zaklęcie trwa, wiesz dokładnie, jak daleko jesteś i w którym kierunku iść.",""
"Znalezienie Pułapek","2.","Akcja","Natychmiastowy","Wróżenie","36 m","W, S","Kleryk, Druid, Łowca","","Bard (Lore), Zaklinacz (Divine Soul)","Wyczuwasz obecność każdej pułapki w zasięgu, która znajduje się w twoim polu widzenia. Pułapka to wszystko, co zostało celowo stworzone, by zranić lub zaskoczyć nieostrożnych. Poznasz ogólny charakter niebezpieczeństwa, ale nie dokładną lokalizację pułapki.",""
"Znalezienie Wierzchowca","2.","10 min.","Natychmiastowy","Przywoływanie","9 m","W, S","Paladyn","","","Przywołujesz ducha, który przybiera formę niezwykle inteligentnego, silnego i lojalnego wierzchowca. Wybierasz formę (np. koń bojowy, kucyk, wielbłąd). Wierzchowiec ma statystyki swojej formy, ale jest niebiańskim, fey lub biesem.",""
"Znalezienie Przedmiotu","2.","Akcja","Koncentracja, do 10 minut","Wróżenie","Własny","W, S, M (kawałek futra psa gończego)","Bard, Kleryk, Druid, Paladyn, Łowca, Mag","","Łotr (Arcane Trickster), Bard (Lore), Zaklinacz (Divine Soul), Mag (Diviner), Wojownik (Eldritch Knight)","Opisujesz lub nazywasz przedmiot, który jest ci znany. Wyczuwasz kierunek do tego przedmiotu, dopóki znajduje się on w promieniu 300 m od ciebie. Zaklęcie jest blokowane przez bieżącą wodę.",""
"Palący Miecz","2.","Dodatkowa","Koncentracja, do 10 minut","Wywoływanie","Własny","W, S, M (pochodnia)","Druid, Zaklinacz, Czarownik, Mag","","Druid (Wildfire), Łotr (Arcane Trickster), Bard (Lore), Wojownik (Eldritch Knight), Kleryk (Light)","Przywołujesz w dłoni miecz z płomieni. Atak wręcz czarem zadaje 3d6 obrażeń od ognia. Miecz daje jasne światło w promieniu 3 m. Możesz go upuścić lub przywołać ponownie akcją dodatkową.","Użycie komórki czaru wyższego poziomu. Obrażenia wzrastają o 1d6 za każde dwa poziomy powyżej 2."
"Kula Ognia","3.","Akcja","Natychmiastowy","Wywoływanie","45 m","W, S, M (kulka z guana nietoperza i siarki)","Zaklinacz, Mag","","Artymag (Artillerist), Łotr (Arcane Trickster), Druid (Wildfire), Bard (Lore), Wojownik (Eldritch Knight), Mag (Evoker), Czarownik (Fiend), Kleryk (Light), Czarownik (Genie)","Jasna smuga wystrzeliwuje z twojego palca do punktu w zasięgu, gdzie wybucha w sferze o promieniu 6 m. Każda istota tam musi wykonać rzut na Zręczność, otrzymując 8d6 obrażeń od ognia przy porażce lub połowę przy sukcesie. Ogień podpala łatwopalne przedmioty.","Użycie komórki czaru wyższego poziomu. Obrażenia wzrastają o 1d6 za każdy poziom powyżej 3."
"Tarcza Ognia","4.","Akcja","10 minut","Wywoływanie","Własny","W, S, M (fosfor)","Mag","","Artymag (Artillerist), Wojownik (Eldritch Knight), Mag (Evoker), Czarownik (Fiend), Czarownik (Genie)","Otaczają cię cienkie płomienie. Wybierz: Ciepła tarcza (odporność na zimno) lub Zimna tarcza (odporność na ogień). Ilekroć istota w promieniu 1,5 m trafi cię atakiem wręcz, otrzymuje 2d8 obrażeń (od ognia dla ciepłej, od zimna dla zimnej).",""
"Burza Ognia","7.","Akcja","Natychmiastowy","Wywoływanie","45 m","W, S","Kleryk, Druid, Zaklinacz","","Zaklinacz (Divine Soul)","Tworzysz burzę ognia składającą się z dziesięciu 3-metrowych sześcianów, które możesz ułożyć w dowolny sposób (każdy musi stykać się z przynajmniej jednym innym). Każda istota na tym obszarze wykonuje rzut na Zręczność, otrzymując 7d10 obrażeń od ognia przy porażce.",""
"Uderzenie Płomienia","5.","Akcja","Natychmiastowy","Wywoływanie","18 m","W, S, M (szczypta siarki)","Kleryk","","Zaklinacz (Divine Soul), Czarownik (Fiend), Kleryk (Light), Czarownik (Genie)","Pionowy słup ognia uderza z niebios. Każda istota w cylindrze o promieniu 3 m i wysokości 12 m musi wykonać rzut na Zręczność. Przy porażce otrzymuje 4d6 obrażeń od ognia i 4d6 obrażeń od jasności.","Użycie komórki czaru wyższego poziomu. Obrażenia wzrastają o 1d6 (każdego typu) za każdy poziom powyżej 5."
"Płonąca Sfera","2.","Akcja","Koncentracja, do 1 minuty","Przywoływanie","18 m","W, S, M (odrobina łoju)","Druid, Mag","","Łotr (Arcane Trickster), Druid (Wildfire), Bard (Lore), Wojownik (Eldritch Knight)","Tworzysz 1,5-metrową sferę ognia w wolnym miejscu. Każda istota kończąca turę w promieniu 1,5 m od niej wykonuje rzut na Zręczność, otrzymując 2d6 obrażeń od ognia. Możesz przesuwać sferę o 9 m akcją dodatkową.","Użycie komórki czaru wyższego poziomu. Obrażenia wzrastają o 1d6 za każdy poziom powyżej 2."
"Latanie","3.","Akcja","Koncentracja, do 10 minut","Przemiana","Dotyk","W, S, M (pióro ze skrzydła ptaka)","Artymag, Zaklinacz, Czarownik, Mag","","Łotr (Arcane Trickster), Bard (Lore), Wojownik (Eldritch Knight), Czarownik (Genie)","Dotykasz chętnej istoty. Przez czas trwania czaru zyskuje ona prędkość latania 18 m. Gdy zaklęcie się kończy, istota spada, jeśli nadal jest w powietrzu.","Użycie komórki czaru wyższego poziomu. Możesz obrać za cel jedną dodatkową istotę za każdy poziom powyżej 3."
"Mglisty Obłok","1.","Akcja","Koncentracja, do 1 godziny","Przywoływanie","36 m","W, S","Druid, Łowca, Zaklinacz, Mag","","Łotr (Arcane Trickster), Bard (Lore), Wojownik (Eldritch Knight), Czarownik (Genie)","Tworzysz sferę mgły o promieniu 6 m. Obszar ten jest silnie przesłonięty. Wiatr może rozproszyć mgłę.","Użycie komórki czaru wyższego poziomu. Promień sfery wzrasta o 6 m za każdy poziom powyżej 1."
"Zakazanie","6.","10 min.","Do rozproszenia","Odrzucanie","Dotyk","W, S, M (woda święcona, rzadkie kadzidło i sproszkowany rubin o wartości 1000+ SZ)","Kleryk","","Zaklinacz (Divine Soul)","Tworzysz barierę chroniącą obszar do 3700 m kwadratowych. Niebiańscy, żywiołaki, fey, biesy i nieumarli nie mogą wejść na ten obszar. Możesz wyznaczyć hasło. Istoty tych typów otrzymują 5d10 obrażeń od jasności lub nekrotycznych, gdy wejdą na obszar.",""
"Pole Mocy","7.","Akcja","Koncentracja, do 1 minuty","Wywoływanie","36 m","W, S, M (kawałek przezroczystego szkła)","Mag","","","Tworzysz niewidzialną barierę z mocy w wybranym miejscu. Bariera może być płaską ścianą, sferą lub kopułą. Ma 10 punktów wytrzymałości na każde 30 cm kwadratowe i KP 15. Nic nie może przez nią przejść fizycznie.",""
"Przymusowa Sugestia","6.","Akcja","Koncentracja, do 8 godzin","Zauroczenie","9 m","W, S, M (język węża i kawałek plastra miodu)","Bard, Czarownik, Mag","","","Sugerujesz kurs działania (ograniczony do jednego lub dwóch zdań) istocie, którą widzisz. Musi ona odnieść sukces w rzucie na Mądrość lub wykonać zadanie. Sugestia musi brzmieć rozsądnie.",""
"Przewidywanie","9.","1 min.","8 godzin","Wróżenie","Dotyk","W, S, M (koliber)","Bard, Druid, Zaklinacz, Czarownik, Mag","","","Dotykasz chętnej istoty i dajesz jej ograniczoną zdolność widzenia przyszłości. Przez czas trwania czaru cel nie może zostać zaskoczony i ma ułatwienie w rzutach na atak, testach cech i rzutach obronnych. Inne istoty mają utrudnienie w rzutach na atak przeciwko niemu.",""
"Wolność Ruchu","4.","Akcja","1 godzina","Odrzucanie","Dotyk","W, S, M (skórzany rzemyk)","Artymag, Bard, Kleryk, Druid, Paladyn, Łowca","","Zaklinacz (Divine Soul), Łowca (Horizon Walker)","Dotykasz chętnej istoty. Przez czas trwania czaru jej ruch nie może zostać ograniczony przez trudny teren, czary ani inne efekty. Może ona również użyć 1,5 m ruchu, by automatycznie uwolnić się z więzów lub chwytu.",""
"Mrożący Dotyk","Sztuczka","Akcja","Natychmiastowy","Nekromancja","Dotyk","W, S","Zaklinacz, Czarownik, Mag","","Druid (Spores), Bard (Lore), Wojownik (Eldritch Knight)","Twoja dłoń staje się lodowata. Wykonaj atak wręcz czarem. Przy trafieniu cel otrzymuje 1d8 obrażeń od zimna i ma utrudnienie w następnym rzucie na atak przed końcem swojej następnej tury. Obrażenia wzrastają o 1d8 na 5., 11. i 17. poziomie.",""
"Gaseous Form","3.","Akcja","Koncentracja, do 1 godziny","Przemiana","Dotyk","W, S, M (kawałek gazy)","Zaklinacz, Czarownik, Mag","","Łotr (Arcane Trickster), Bard (Lore), Wojownik (Eldritch Knight), Czarownik (Genie)","Zmieniasz chętną istotę w mglistą chmurę. W tej formie istota ma odporność na obrażenia niemagiczne i ułatwienie w rzutach na Zręczność, Kondycję i Mądrość. Może przechodzić przez najmniejsze otwory. Jej jedyną prędkością jest latanie 3 m.",""
"Geas","5.","1 min.","30 dni","Zauroczenie","18 m","W","Bard, Kleryk, Druid, Paladyn, Mag","","Zaklinacz (Divine Soul)","Nakładasz magiczny nakaz na istotę. Musi ona odnieść sukces w rzucie na Mądrość lub zostać zauroczoną. Ilekroć działa wbrew twoim instrukcjom, otrzymuje 5d10 obrażeń psychicznych (raz dziennie).","Użycie komórki czaru wyższego poziomu. Czas trwania: 1 rok (poziom 7-8), do rozproszenia (poziom 9)."
"Łagodny Spoczynek","2.","Akcja","10 dni","Nekromancja (rytuał)","Dotyk","W, S, M (miedziana moneta na każde oko)","Kleryk, Mag","","Łotr (Arcane Trickster), Bard (Lore), Zaklinacz (Divine Soul), Wojownik (Eldritch Knight), Kleryk (Grave)","Dotykasz zwłok lub ich części. Przez czas trwania czaru cel jest chroniony przed rozkładem i nie może zostać ożywiony jako nieumarły. Czas ten nie wlicza się do limitu czasu czarów takich jak Wskrzeszenie.",""
"Olbrzymi Owad","4.","Akcja","Koncentracja, do 10 minut","Przemiana","9 m","W, S","Druid","","","Zmieniasz do dziesięciu owadów w ich gigantyczne wersje pod twoją kontrolą. Wybierasz typ: stonogi, pająki, osy lub skorpiony. Słuchają one twoich mentalnych rozkazów. Gdy zaklęcie się kończy, wracają do normalnych rozmiarów.",""
"Glibness","8.","Akcja","1 godzina","Przemiana","Własny","W","Bard, Czarownik","","","Twoja mowa staje się niezwykle przekonująca. Ilekroć wykonujesz test Charyzmy, możesz zastąpić wynik rzutu liczbą 15. Dodatkowo czary wykrywające kłamstwa wskazują, że mówisz prawdę.",""
"Glob Niezniszczalności","6.","Akcja","Koncentracja, do 1 minuty","Odrzucanie","Własny","W, S, M (szklany koralik)","Zaklinacz, Mag","","Mag (Abjurer)","Nieruchoma, lekko migocząca bariera o promieniu 3 m otacza cię. Każdy czar poziomu 5 lub niższego rzucony z zewnątrz nie może przeniknąć do środka ani wpłynąć na nikogo wewnątrz, nawet jeśli został rzucony z wyższej komórki.","Użycie komórki czaru wyższego poziomu. Poziom blokowanych czarów wzrasta o jeden za każdy poziom powyżej 6."
"Glif Strażniczy","3.","1 godz.","Do rozproszenia","Odrzucanie","Dotyk","W, S, M (pył diamentowy o wartości 200+ SZ, który zaklęcie zużywa)","Bard, Kleryk, Mag","","Łotr (Arcane Trickster), Bard (Lore), Zaklinacz (Divine Soul), Wojownik (Eldritch Knight)","Kreślisz glif na powierzchni lub wewnątrz przedmiotu. Wybierasz: Glif Wybuchowy (5d8 obrażeń) lub Glif Czarujący (przechowuje czar poziomu 3 lub niższego). Określasz warunek wyzwalający.","Użycie komórki czaru wyższego poziomu. Obrażenia wzrastają o 1d8 lub poziom przechowywanego czaru wzrasta o jeden za każdy poziom powyżej 3."
"Dobra Jagoda","1.","Akcja","Natychmiastowy","Przemiana","Dotyk","W, S, M (gałązka jemioły)","Druid, Łowca","","Bard (Lore), Kleryk (Life)","W twojej dłoni pojawia się do dziesięciu jagód nasyconych magią. Istota może użyć akcji, by zjeść jagodę, co przywraca 1 punkt wytrzymałości i zapewnia pożywienie na cały dzień. Jagody tracą moc po 24 godzinach.",""
"Tłuszcz","1.","Akcja","1 minuta","Przywoływanie","18 m","W, S, M (kawałek skóry wieprzowej lub masło)","Artymag, Zaklinacz, Mag","","Łotr (Arcane Trickster), Bard (Lore), Wojownik (Eldritch Knight)","Pokrywasz ziemię tłuszczem w 3-metrowym kwadracie. Obszar staje się trudnym terenem. Każda istota wchodząca na ten obszar lub kończąca tam turę musi odnieść sukces w rzucie na Zręczność lub zostać powaloną.",""
"Większa Niewidzialność","4.","Akcja","Koncentracja, do 1 minuty","Iluzja","Dotyk","W, S","Bard, Zaklinacz, Czarownik, Mag","","Łotr (Arcane Trickster), Wojownik (Eldritch Knight), Mag (Illusionist), Czarownik (Genie), Czarownik (Undead)","Dotykasz chętnej istoty. Staje się ona niewidzialna do końca czaru. W przeciwieństwie do zwykłej niewidzialności, ta nie kończy się, gdy cel zaatakuje lub rzuci czar.",""
"Większe Przywrócenie","5.","Akcja","Natychmiastowy","Odrzucanie","Dotyk","W, S, M (pył diamentowy o wartości 100+ SZ, który zaklęcie zużywa)","Artymag, Bard, Kleryk, Druid","","Czarownik (Celestial), Zaklinacz (Divine Soul)","Nasycasz istotę pozytywną energią, by usunąć jeden negatywny efekt: stan Zauroczony lub Skamieniały, jedną klątwę, redukcję cechy lub redukcję maksimum punktów wytrzymałości.",""
"Strażnik Wiary","4.","Akcja","8 godzin","Przywoływanie","9 m","W","Kleryk","","Zaklinacz (Divine Soul), Czarownik (Celestial), Paladyn (Devotion), Kleryk (Life)","Przywołujesz widmowego strażnika w wolnym miejscu. Ilekroć wroga istota wejdzie w promień 3 m od niego, strażnik zadaje jej 20 obrażeń od jasności (rzut na Zręczność o połowę). Strażnik znika po zadaniu łącznie 60 obrażeń.",""
"Strażniczy Zwierzęcy Duch","3.","Akcja","Koncentracja, do 10 minut","Przywoływanie","Własny","W, S, M (Święty Symbol)","Kleryk","","Zaklinacz (Divine Soul)","Przywołujesz duchy, które krążą wokół ciebie w emanacji o promieniu 4,5 m. Wybierasz ich wygląd (niebiańskie, fey lub biesy). Prędkość wrogów w emanacji jest zmniejszona o połowę. Ilekroć wróg wejdzie w emanację lub zacznie tam turę, otrzymuje 3d8 obrażeń (od jasności, nekrotycznych lub zimna).","Użycie komórki czaru wyższego poziomu. Obrażenia wzrastają o 1d8 za każdy poziom powyżej 3."
"Strażnicy i Cuda","6.","10 min.","24 godziny","Iluzja","Dotyk","W, S, M (palące się kadzidło, mała ilość siarki i oleju)","Mag","","","Tworzysz magiczne zabezpieczenia wewnątrz budynku lub struktury. Efekty obejmują: mgłę w korytarzach, zamknięte drzwi, pajęczyny na schodach oraz dwa dodatkowe efekty (np. tańczące światła, magiczne usta, sugestia).",""
"Przewodnik","Sztuczka","Akcja","Koncentracja, do 1 minuty","Wróżenie","9 m","W, S","Kleryk, Druid","","Bard (Lore), Zaklinacz (Divine Soul)","Dotykasz chętnej istoty. Raz przed zakończeniem czaru cel może rzucić k4 i dodać wynik do jednego wybranego testu cechy. Może to zrobić przed lub po rzucie k20.",""
"Podmuch Wiatru","2.","Akcja","Koncentracja, do 1 minuty","Wywoływanie","Własny","W, S, M (roślina strączkowa)","Druid, Zaklinacz, Mag","","Łotr (Arcane Trickster), Bard (Lore), Wojownik (Eldritch Knight)","Linia silnego wiatru o długości 18 m i szerokości 3 m emanuje od ciebie. Każda istota zaczynająca turę w linii musi odnieść sukces w rzucie na Siłę lub zostać odepchnięta o 4,5 m. Wiatr rozprasza gazy i mgły.",""
"Święta Aura","8.","Akcja","Koncentracja, do 1 minuty","Odrzucanie","Własny","W, S, M (mały relikwiarz o wartości 1000+ SZ)","Kleryk","","Zaklinacz (Divine Soul)","Boskie światło promieniuje od ciebie w emanacji o promieniu 9 m. Ty i twoi sojusznicy w emanacji macie ułatwienie we wszystkich rzutach obronnych, a inne istoty mają utrudnienie w rzutach na atak przeciwko wam. Biesy i nieumarli atakujący was mogą zostać oślepieni.",""
"Święta Broń","5.","Dodatkowa","Koncentracja, do 1 godziny","Wywoływanie","Dotyk","W, S","","Kleryk, Paladyn","Zaklinacz (Divine Soul)","Nasycasz broń, którą trzymasz, boską energią. Przez czas trwania czaru broń daje jasne światło w promieniu 9 m i zadaje dodatkowe 2d8 obrażeń od jasności przy trafieniu. Możesz zakończyć czar wybuchem światła, który oślepia wrogów.",""
"Święte Słowo","7.","Dodatkowa","Natychmiastowy","Wywoływanie","9 m","W","Kleryk","","Zaklinacz (Divine Soul)","Wypowiadasz słowo nasycone boską mocą. Każda wybrana istota w zasięgu wykonuje rzut na Charyzmę. Przy porażce cierpi efekt zależny od obecnych PZ: <50 (ogłuszenie 1 min), <40 (oślepienie, ogłuszenie 10 min), <30 (oślepienie, ogłuszenie, ogłuszenie 1 godz.), <20 (śmierć).",""
"Święty Płomień","Sztuczka","Akcja","Natychmiastowy","Wywoływanie","18 m","W, S","Kleryk","","Bard (Lore), Zaklinacz (Divine Soul)","Blask przypominający płomień schodzi na istotę w zasięgu. Cel musi odnieść sukces w rzucie na Zręczność lub otrzymać 1d8 obrażeń od jasności. Cel nie zyskuje korzyści z osłony przy tym rzucie. Obrażenia wzrastają o 1d8 na 5., 11. i 17. poziomie.",""
"Halucynacyjny Teren","4.","10 min.","24 godziny","Iluzja","90 m","W, S, M (kamień, gałązka i kawałek futra)","Bard, Druid, Czarownik, Mag","","Łotr (Arcane Trickster), Wojownik (Eldritch Knight), Mag (Illusionist)","Sprawiasz, że teren na obszarze 45-metrowego sześcianu wygląda, brzmi i pachnie jak inny rodzaj naturalnego terenu. Otwarta droga może wyglądać jak urwisko, a bagno jak łąka. Istoty z Prawdziwym widzeniem widzą przez iluzję.",""
"Uzdrowienie","6.","Akcja","Natychmiastowy","Odrzucanie","18 m","W, S","Kleryk, Druid","","Zaklinacz (Divine Soul)","Strumień pozytywnej energii przepływa przez istotę, którą widzisz. Cel odzyskuje 70 punktów wytrzymałości. Zaklęcie usuwa również stany: Oślepiony, Ogłuszony oraz wszelkie choroby.","Użycie komórki czaru wyższego poziomu. Leczenie wzrasta o 10 PZ za każdy poziom powyżej 6."
"Uzdrowienie Słowem","1.","Dodatkowa","Natychmiastowy","Odrzucanie","18 m","W","Bard, Kleryk, Druid","","Czarownik (Celestial), Druid (Wildfire), Bard (Lore), Zaklinacz (Divine Soul), Kleryk (Life)","Istota, którą widzisz w zasięgu, odzyskuje liczbę punktów wytrzymałości równą 2d4 plus twój modyfikator cechy czarującej.","Użycie komórki czaru wyższego poziomu. Leczenie wzrasta o 2d4 za każdy poziom powyżej 1."
"Uczta Bohaterów","6.","10 min.","Natychmiastowy","Przywoływanie","9 m","W, S, M (wysadzany klejnotami kielich o wartości 1000+ SZ, który zaklęcie zużywa)","Kleryk, Druid","","Zaklinacz (Divine Soul)","Przywołujesz wspaniałą ucztę dla maksymalnie dwunastu osób. Uczta trwa 1 godzinę. Każdy, kto w niej uczestniczy, zostaje wyleczony z chorób, zyskuje odporność na trucizny i przerażenie, oraz ma ułatwienie w rzutach na Mądrość. Maksimum PZ wzrasta o 2d10 na 24 godziny.",""
"Piekielne Karcenie","1.","Reakcja","Natychmiastowy","Wywoływanie","18 m","W, S","Czarownik","","Bard (Lore), Paladyn (Oathbreaker)","Wskazujesz palcem na istotę, która zadała ci obrażenia. Zostaje ona otoczona piekielnymi płomieniami. Cel musi wykonać rzut na Zręczność, otrzymując 2d10 obrażeń od ognia przy porażce lub połowę przy sukcesie.","Użycie komórki czaru wyższego poziomu. Obrażenia wzrastają o 1d10 za każdy poziom powyżej 1."
"Wzór Hipnotyczny","3.","Akcja","Koncentracja, do 1 minuty","Iluzja","36 m","S, M (kawałek kryształu)","Bard, Zaklinacz, Czarownik, Mag","","Łotr (Arcane Trickster), Bard (Lore), Wojownik (Eldritch Knight), Czarownik (Archfey), Czarownik (Genie)","Tworzysz wirujący wzór kolorowych świateł w 9-metrowym sześcianie. Każda istota tam, która go widzi, musi odnieść sukces w rzutach na Mądrość lub otrzymać stan Obezwładniony i Zauroczony. Prędkość celu spada do 0. Efekt kończy się, gdy cel otrzyma obrażenia lub ktoś go obudzi.",""
"Lodowa Burza","4.","Akcja","Natychmiastowy","Wywoływanie","90 m","W, S, M (szczypta pyłu i kropla wody)","Druid, Zaklinacz, Mag","","Łotr (Arcane Trickster), Druid (Land), Wojownik (Eldritch Knight), Mag (Evoker), Czarownik (Fathomless), Czarownik (Genie)","Grad wielkości pięści spada w cylindrze o promieniu 6 m i wysokości 12 m. Każda istota tam wykonuje rzut na Zręczność. Przy porażce otrzymuje 2d8 obrażeń obuchowych i 4d6 obrażeń od zimna. Obszar staje się trudnym terenem do końca twojej następnej tury.","Użycie komórki czaru wyższego poziomu. Obrażenia obuchowe wzrastają o 1d8 za każdy poziom powyżej 4."
"Id Insinuation","1.","Akcja","Koncentracja, do 1 minuty","Zauroczenie","18 m","W, S","","Bard, Czarownik, Mag","","Uderzasz w podświadomość istoty. Cel musi odnieść sukces w rzucie na Inteligencję lub otrzymać 1d12 obrażeń psychicznych i mieć utrudnienie w rzutach na atak do końca swojej następnej tury. Możesz używać akcji, by powtarzać ten efekt.",""
"Identyfikacja","1.","1 min.","Natychmiastowy","Wróżenie (rytuał)","Dotyk","W, S, M (perła o wartości 100+ SZ i pióro sowy)","Artymag, Bard, Mag","","Łotr (Arcane Trickster), Bard (Lore), Mag (Diviner), Wojownik (Eldritch Knight), Kleryk (Knowledge), Czarownik (Genie)","Dotykasz przedmiotu podczas rzucania czaru. Jeśli jest to przedmiot magiczny, poznajesz jego właściwości, sposób użycia oraz czy wymaga dostrojenia. Jeśli dotykasz istoty, poznajesz czary, które na nią obecnie działają.",""
"Iluzoryczne Pismo","1.","1 min.","10 dni","Iluzja (rytuał)","Dotyk","S, M (atrament o wartości 10 SZ, który zaklęcie zużywa)","Bard, Czarownik, Mag","","Łotr (Arcane Trickster), Bard (Lore), Wojownik (Eldritch Knight), Mag (Illusionist)","Piszesz na pergaminie lub innej powierzchni. Pismo wygląda na normalne dla każdego, poza wyznaczonymi przez ciebie osobami, dla których treść jest inna. Możesz sprawić, by dla innych tekst był nieczytelny lub wyglądał jak coś zupełnie innego.",""
"Nieruchomy Obraz","1.","Akcja","Koncentracja, do 10 minut","Iluzja","18 m","W, S, M (kawałek wełny)","Bard, Zaklinacz, Czarownik, Mag","","Łotr (Arcane Trickster), Bard (Lore), Wojownik (Eldritch Knight), Mag (Illusionist)","Tworzysz obraz przedmiotu, istoty lub innego zjawiska wizualnego w 4,5-metrowym sześcianie. Obraz jest czysto wizualny. Jeśli istota użyje akcji Badania i odniesie sukces w teście Inteligencji (Śledztwo), przejrzy iluzję.",""
"Uwięzienie","9.","1 min.","Do rozproszenia","Odrzucanie","9 m","W, S, M (specjalny komponent zależny od formy uwięzienia o wartości 500+ SZ na każdy kostek ST celu)","Czarownik, Mag","","","Tworzysz magiczne więzienie dla istoty. Cel musi odnieść sukces w rzucie na Mądrość lub zostać uwięzionym. Formy: Pochówek, Łańcuchy, Miniaturowe więzienie, Sen, Powstrzymanie. Zaklęcie trwa, dopóki nie zostanie rozproszone lub nie spełni się warunek uwolnienia.",""
"Spowolnienie","3.","Akcja","Koncentracja, do 1 minuty","Przemiana","36 m","W, S, M (kropla melasy)","Bard, Zaklinacz, Mag","","Łotr (Arcane Trickster), Bard (Lore), Wojownik (Eldritch Knight)","Zmieniasz upływ czasu dla maksymalnie sześciu istot w 12-metrowym sześcianie. Cele muszą odnieść sukces w rzucie na Mądrość, inaczej ich prędkość spada o połowę, mają -2 do KP i rzutów na Zręczność, oraz nie mogą podejmować reakcji.",""
"Niewidzialność","2.","Akcja","Koncentracja, do 1 godziny","Iluzja","Dotyk","W, S, M (rzęsa owinięta w gumę arabską)","Artymag, Bard, Zaklinacz, Czarownik, Mag","","Łotr (Arcane Trickster), Bard (Lore), Wojownik (Eldritch Knight), Mag (Illusionist), Czarownik (Archfey), Czarownik (Genie), Czarownik (Undead), Kleryk (Trickery)","Dotykasz chętnej istoty. Staje się ona niewidzialna do końca czaru. Zaklęcie kończy się przedwcześnie, jeśli cel zaatakuje lub rzuci czar.","Użycie komórki czaru wyższego poziomu. Możesz obrać za cel jedną dodatkową istotę za każdy poziom powyżej 2."
"Niewidzialny Przedmiot","2.","Akcja","Koncentracja, do 1 godziny","Iluzja","Dotyk","W, S, M (kawałek wełny)","Bard, Zaklinacz, Czarownik, Mag","","Łotr (Arcane Trickster), Bard (Lore), Wojownik (Eldritch Knight), Mag (Illusionist)","Dotykasz przedmiotu, który nie jest noszony ani trzymany. Staje się on niewidzialny do końca czaru.",""
"Skok","1.","Akcja","1 minuta","Przemiana","Dotyk","W, S, M (noga konika polnego)","Artymag, Druid, Łowca, Zaklinacz, Mag","","Łotr (Arcane Trickster), Bard (Lore), Wojownik (Eldritch Knight)","Dotykasz istoty. Przez czas trwania czaru jej dystans skoku zostaje potrojony.",""
"Puk-Puk","2.","Akcja","Natychmiastowy","Przemiana","18 m","W","Bard, Zaklinacz, Mag","","Łotr (Arcane Trickster), Bard (Lore), Wojownik (Eldritch Knight)","Wybierasz obiekt w zasięgu, który jest zamknięty na klucz, zablokowany lub zabezpieczony czarem Magiczny Zamek. Obiekt zostaje otwarty. Jeśli jest zabezpieczony Magicznym Zamkiem, czar ten zostaje stłumiony na 10 minut. Słychać głośne puknięcie w promieniu 90 m.",""
"Legenda","5.","10 min.","Natychmiastowy","Wróżenie","Własny","W, S, M (kadzidło o wartości 250+ SZ i cztery kości z kości słoniowej o wartości 50+ SZ każda)","Bard, Kleryk, Mag","","Zaklinacz (Divine Soul)","Przywołujesz legendy o osobie, przedmiocie lub miejscu. Jeśli cel jest legendarny, otrzymujesz o nim informacje. Wiedza ta może być podana w formie opowieści lub zagadek.",""
"Mniejsza Niewidzialność","2.","Akcja","Koncentracja, do 1 godziny","Iluzja","Dotyk","W, S, M (rzęsa owinięta w gumę arabską)","Bard, Zaklinacz, Czarownik, Mag","","Łotr (Arcane Trickster), Bard (Lore), Wojownik (Eldritch Knight), Mag (Illusionist), Czarownik (Archfey), Czarownik (Genie), Czarownik (Undead), Kleryk (Trickery)","Dotykasz chętnej istoty. Staje się ona niewidzialna do końca czaru. Zaklęcie kończy się przedwcześnie, jeśli cel zaatakuje lub rzuci czar.","Użycie komórki czaru wyższego poziomu. Możesz obrać za cel jedną dodatkową istotę za każdy poziom powyżej 2."
"Mniejsze Przywrócenie","2.","Akcja","Natychmiastowy","Odrzucanie","Dotyk","W, S","Artymag, Bard, Kleryk, Druid, Paladyn, Łowca","","Czarownik (Celestial), Bard (Lore), Zaklinacz (Divine Soul), Kleryk (Life)","Dotykasz istoty i usuwasz jeden z następujących stanów: Oślepiony, Ogłuszony, Sparaliżowany lub Zatruły.",""
"Lewitacja","2.","Akcja","Koncentracja, do 10 minut","Przemiana","18 m","W, S, M (kawałek skóry lub drut miedziany)","Artymag, Zaklinacz, Mag","","Łotr (Arcane Trickster), Bard (Lore), Wojownik (Eldritch Knight), Czarownik (Genie)","Wybierasz istotę lub przedmiot w zasięgu. Cel unosi się pionowo do 6 m i pozostaje tam zawieszony. Chętna istota może się poruszać tylko wzdłuż powierzchni. Niechętna istota wykonuje rzut na Kondycję.",""
"Światło","Sztuczka","Akcja","1 godzina","Wywoływanie","Dotyk","W, M (świetlik lub kawałek fosforu)","Artymag, Bard, Kleryk, Zaklinacz, Mag","","Łotr (Arcane Trickster), Bard (Lore), Wojownik (Eldritch Knight), Mag (Evoker)","Dotykasz przedmiotu. Daje on jasne światło w promieniu 6 m i słabe światło przez kolejne 6 m. Możesz mieć tylko jedno Światło aktywne na raz.",""
"Błyskawica","3.","Akcja","Natychmiastowy","Wywoływanie","Własny","W, S, M (kawałek futra i szklana pałeczka)","Zaklinacz, Mag","","Artymag (Artillerist), Łotr (Arcane Trickster), Druid (Land), Bard (Lore), Wojownik (Eldritch Knight), Mag (Evoker), Czarownik (Genie)","Linia błyskawicy o długości 30 m i szerokości 1,5 m wystrzeliwuje od ciebie. Każda istota w linii musi wykonać rzut na Zręczność, otrzymując 8d6 obrażeń od błyskawic przy porażce lub połowę przy sukcesie.","Użycie komórki czaru wyższego poziomu. Obrażenia wzrastają o 1d6 za każdy poziom powyżej 3."
"Lokalizacja Istoty","4.","Akcja","Koncentracja, do 1 godziny","Wróżenie","Własny","W, S, M (kawałek futra psa gończego)","Bard, Kleryk, Druid, Paladyn, Łowca, Mag","","Zaklinacz (Divine Soul), Mag (Diviner)","Opisujesz lub nazywasz istotę, która jest ci znana. Wyczuwasz kierunek do tej istoty, dopóki znajduje się ona w promieniu 300 m od ciebie. Zaklęcie jest blokowane przez bieżącą wodę.",""
"Lokalizacja Przedmiotu","2.","Akcja","Koncentracja, do 10 minut","Wróżenie","Własny","W, S, M (kawałek futra psa gończego)","Bard, Kleryk, Druid, Paladyn, Łowca, Mag","","Łotr (Arcane Trickster), Bard (Lore), Zaklinacz (Divine Soul), Mag (Diviner), Wojownik (Eldritch Knight)","Opisujesz lub nazywasz przedmiot, który jest ci znany. Wyczuwasz kierunek do tego przedmiotu, dopóki znajduje się on w promieniu 300 m od ciebie. Zaklęcie jest blokowane przez bieżącą wodę.",""
"Długi Krok","1.","Akcja","1 godzina","Przemiana","Dotyk","W, S, M (szczypta ziemi)","Artymag, Bard, Druid, Łowca, Mag","","Łotr (Arcane Trickster), Bard (Lore), Wojownik (Eldritch Knight)","Dotykasz istoty. Przez czas trwania czaru jej prędkość ruchu wzrasta o 3 m.","Użycie komórki czaru wyższego poziomu. Możesz obrać za cel jedną dodatkową istotę za każdy poziom powyżej 1."
"Magiczna Dłoń","Sztuczka","Akcja","1 minuta","Przywoływanie","9 m","W, S","Artymag, Bard, Zaklinacz, Czarownik, Mag","","Łotr (Arcane Trickster), Bard (Lore), Wojownik (Eldritch Knight)","Tworzysz widmową, unoszącą się dłoń w zasięgu. Możesz użyć akcji, by nią manipulować (np. otwierać drzwi, wyjmować przedmioty z pojemników). Dłoń nie może atakować ani podnosić więcej niż 5 kg.",""
"Magiczny Krąg","3.","1 min.","1 godzina","Odrzucanie","3 m","W, S, M (woda święcona lub sproszkowane srebro i żelazo o wartości 100+ SZ, które zaklęcie zużywa)","Kleryk, Czarownik, Mag","","Zaklinacz (Divine Soul)","Tworzysz cylinder o promieniu 3 m i wysokości 6 m. Wybierz typ: niebiańscy, żywiołaki, fey, biesy lub nieumarli. Wybrane istoty nie mogą wejść do kręgu, a ich ataki przeciwko osobom wewnątrz mają utrudnienie.","Użycie komórki czaru wyższego poziomu. Czas trwania wzrasta o 1 godzinę za każdy poziom powyżej 3."
"Magiczny Pocisk","1.","Akcja","Natychmiastowy","Wywoływanie","36 m","W, S","Zaklinacz, Mag","","Łotr (Arcane Trickster), Bard (Lore), Wojownik (Eldritch Knight), Mag (Evoker)","Tworzysz trzy świecące pociski z magicznej mocy. Każdy pocisk trafia wybraną istotę w zasięgu i zadaje 1d4 + 1 obrażeń od mocy. Pociski uderzają jednocześnie.","Użycie komórki czaru wyższego poziomu. Tworzysz jeden dodatkowy pocisk za każdy poziom powyżej 1."
"Magiczne Usta","2.","1 min.","Do rozproszenia","Iluzja (rytuał)","9 m","W, S, M (kawałek jadeitu o wartości 10 SZ, który zaklęcie zużywa)","Bard, Mag","","Łotr (Arcane Trickster), Bard (Lore), Wojownik (Eldritch Knight), Mag (Illusionist)","Wszczepiasz wiadomość w przedmiot w zasięgu. Wiadomość (do 25 słów) zostaje wypowiedziana, gdy spełniony zostanie określony przez ciebie warunek wizualny lub słuchowy.",""
"Magiczna Broń","2.","Dodatkowa","Koncentracja, do 1 godziny","Przemiana","Dotyk","W, S","Artymag, Paladyn, Mag","","Łotr (Arcane Trickster), Bard (Lore), Wojownik (Eldritch Knight), Kleryk (War)","Dotykasz niemagicznej broni. Przez czas trwania czaru staje się ona bronią magiczną z bonusem +1 do rzutów na atak i obrażenia.","Użycie komórki czaru wyższego poziomu. Bonus wzrasta do +2 (poziom 4) lub +3 (poziom 6)."
"Poważne Rany","3.","Akcja","Natychmiastowy","Nekromancja","Dotyk","W, S","Kleryk","","Zaklinacz (Divine Soul)","Wykonaj atak wręcz czarem przeciwko istotie w zasięgu. Przy trafieniu cel otrzymuje 4d10 obrażeń nekrotycznych.","Użycie komórki czaru wyższego poziomu. Obrażenia wzrastają o 1d10 za każdy poziom powyżej 3."
"Mniejsza Iluzja","Sztuczka","Akcja","1 minuta","Iluzja","9 m","S, M (kawałek wełny)","Bard, Zaklinacz, Czarownik, Mag","","Łotr (Arcane Trickster), Bard (Lore), Wojownik (Eldritch Knight), Mag (Illusionist)","Tworzysz dźwięk lub obraz przedmiotu w zasięgu. Dźwięk może być szeptem, krzykiem lub innym hałasem. Obraz musi mieścić się w 1,5-metrowym sześcianie i jest nieruchomy.",""
"Mniejszy Przyjaciel","Sztuczka","Akcja","1 minuta","Zauroczenie","Własny","S, M (kawałek jedwabiu)","Bard, Zaklinacz, Czarownik, Mag","","Łotr (Arcane Trickster), Bard (Lore), Wojownik (Eldritch Knight)","Zyskujesz ułatwienie we wszystkich testach Charyzmy skierowanych do jednej istoty, która nie jest wroga. Gdy zaklęcie się kończy, istota zdaje sobie sprawę, że użyłeś magii, by wpłynąć na jej nastrój i może stać się wroga.",""
"Lustrzane Odbicie","2.","Akcja","1 minuta","Iluzja","Własny","W, S","Zaklinacz, Czarownik, Mag","","Łotr (Arcane Trickster), Bard (Lore), Wojownik (Eldritch Knight), Mag (Illusionist), Kleryk (Trickery)","Tworzysz trzy iluzoryczne duplikaty siebie w swoim miejscu. Ilekroć istota atakuje cię, rzuć k20, by sprawdzić, czy atak trafia w ciebie, czy w duplikat (6+ dla 3 duplikatów, 8+ dla 2, 11+ dla 1). KP duplikatu wynosi 10 + twój modyfikator Zręczności.",""
"Sugestia","2.","Akcja","Koncentracja, do 8 godzin","Zauroczenie","9 m","W, S, M (język węża i kawałek plastra miodu)","Bard, Zaklinacz, Czarownik, Mag","","Łotr (Arcane Trickster), Bard (Lore), Wojownik (Eldritch Knight), Czarownik (Archfey), Kleryk (Knowledge)","Sugerujesz kurs działania (ograniczony do jednego lub dwóch zdań) istocie, którą widzisz. Musi ona odnieść sukces w rzucie na Mądrość lub wykonać zadanie. Sugestia musi brzmieć rozsądnie.",""
"Mglisty Krok","2.","Dodatkowa","Natychmiastowy","Przywoływanie","Własny","W","Zaklinacz, Czarownik, Mag","","Artymag (Alchemist), Łotr (Arcane Trickster), Bard (Lore), Wojownik (Eldritch Knight), Łowca (Gloom Stalker), Łowca (Horizon Walker), Paladyn (Vengeance), Paladyn (Ancients), Paladyn (Crown), Kleryk (Coast)","Zostajesz otoczony srebrzystą mgłą i teleportujesz się o maksymalnie 9 m w wolne miejsce, które widzisz.",""
"Modyfikacja Pamięci","5.","Akcja","Koncentracja, do 1 minuty","Zauroczenie","9 m","W, S","Bard, Mag","","Czarownik (Great Old One), Kleryk (Trickery)","Próbujesz zmienić wspomnienia istoty. Cel wykonuje rzut na Mądrość. Przy porażce zostaje zauroczony i możesz zmienić jego wspomnienie z ostatnich 24 godzin (trwające do 10 minut). Możesz sprawić, by cel zapomniał wydarzenie, zapamiętał je inaczej lub stworzyć zupełnie nowe wspomnienie.","Użycie komórki czaru wyższego poziomu. Możesz zmieniać wspomnienia sprzed: 7 dni (poziom 6), 30 dni (poziom 7), 1 roku (poziom 8), dowolnego czasu (poziom 9)."
"Księżycowy Blask","2.","Akcja","Koncentracja, do 1 minuty","Wywoływanie","36 m","W, S, M (kilka nasion heliotropu i kawałek opalu)","Druid","","Bard (Lore), Kleryk (Twilight)","Srebrzysty blask schodzi w cylindrze o promieniu 1,5 m i wysokości 12 m. Każda istota tam musi wykonać rzut na Kondycję, otrzymując 2d10 obrażeń od jasności przy porażce. Zmiennokształtni wykonują rzut z utrudnieniem i przy porażce wracają do swojej prawdziwej formy. Możesz przesuwać cylinder o 18 m akcją dodatkową.","Użycie komórki czaru wyższego poziomu. Obrażenia wzrastają o 1d10 za każdy poziom powyżej 2."
"Ruch Piasku","Sztuczka","Akcja","Natychmiastowy lub 1 godzina","Przemiana","9 m","S","","Druid, Zaklinacz, Mag","Łotr (Arcane Trickster), Bard (Lore), Wojownik (Eldritch Knight)","Wybierasz obszar piasku lub ziemi mieszczący się w 1,5-metrowym sześcianie. Możesz: przesunąć go o 1,5 m, zmienić jego kolor lub teksturę na 1 godzinę, lub sprawić, by stał się trudnym terenem na 1 godzinę.",""
"Mordenkainen's Faithful Hound","4.","Akcja","8 godzin","Przywoływanie","9 m","W, S, M (mały srebrny gwizdek, kawałek kości i nić)","Mag","","Łotr (Arcane Trickster), Wojownik (Eldritch Knight)","Przywołujesz niewidzialnego, nieruchomego psa w wolnym miejscu. Pies szczeka głośno, gdy jakakolwiek istota zbliży się na 9 m. Jeśli wróg zacznie turę w promieniu 1,5 m od psa, ten atakuje go z bonusem +8, zadając 4d8 obrażeń od mocy.",""
"Mordenkainen's Magnificent Mansion","7.","1 min.","24 godziny","Przywoływanie","9 m","W, S, M (miniaturowy portal z kości słoniowej, kawałek polerowanego marmuru i srebrna łyżeczka o wartości 5 SZ)","Bard, Mag","","","Tworzysz niewidzialne wejście do wspaniałej rezydencji na innym planie. Rezydencja może pomieścić do 100 osób i zawiera 100 niewidzialnych służących. Jest tam mnóstwo jedzenia i picia.",""
"Mordenkainen's Private Sanctum","4.","10 min.","24 godziny","Odrzucanie","36 m","W, S, M (cienki arkusz ołowiu, kawałek szkła, kawałek miedzi i poczwarka)","Mag","","Łotr (Arcane Trickster), Wojownik (Eldritch Knight)","Zabezpieczasz obszar sześcianu o boku od 1,5 do 30 m. Wybierasz efekty: dźwięk nie może przeniknąć, wzrok nie może przeniknąć, czujniki wróżbiarskie nie działają, nikt nie może się teleportować do środka ani na zewnątrz.",""
"Mordenkainen's Sword","7.","Akcja","Koncentracja, do 1 minuty","Wywoływanie","18 m","W, S, M (miniaturowy platynowy miecz o wartości 250 SZ)","Bard, Mag","","","Tworzysz unoszący się miecz z mocy. Wykonaj atak wręcz czarem przeciwko istotie w promieniu 1,5 m od miecza. Przy trafieniu cel otrzymuje 3d10 obrażeń od mocy. Możesz przesuwać miecz o 6 m i atakować nim ponownie akcją dodatkową.",""
"Move Earth","6.","Akcja","Koncentracja, do 2 godzin","Przemiana","36 m","W, S, M (żelazna łopatka i kawałek gliny)","Druid, Zaklinacz, Mag","","","Zmieniasz ukształtowanie terenu (ziemi, piasku lub gliny) na obszarze 12-metrowego kwadratu. Możesz tworzyć rowy, wały lub wyrównywać teren. Zmiana zachodzi powoli w ciągu 10 minut. Zaklęcie nie wpływa na litą skałę.",""
"Zasłona Umysłu","8.","Akcja","24 godziny","Odrzucanie","Dotyk","W, S","Bard, Mag","","","Dotykasz chętnej istoty. Przez czas trwania czaru cel jest odporny na obrażenia psychiczne oraz wszelkie efekty czytania w myślach, wykrywania charakteru lub emocji. Nawet czar Życzenie nie może go wykryć.",""
"Pusta Pustka","9.","Akcja","Koncentracja, do 1 minuty","Nekromancja","45 m","W, S, M (kawałek obsydianu)","Czarownik, Mag","","","Tworzysz sferę czerni o promieniu 6 m. Każda istota tam musi wykonać rzut na Kondycję, otrzymując 10d10 obrażeń nekrotycznych przy porażce. Istota, która spadnie do 0 PZ, zostaje natychmiast zniszczona.",""
"Głosy z Zaświatów","1.","1 min.","10 minut","Nekromancja (rytuał)","Dotyk","W, S, M (kadzidło)","","Bard, Kleryk, Mag","","Kontaktujesz się z duchem zmarłej istoty. Możesz zadać do pięciu pytań. Duch zna tylko to, co wiedział za życia. Odpowiedzi mogą być niejasne lub zagadkowe.",""
"Nystul's Magic Aura","2.","Akcja","24 godziny","Iluzja","Dotyk","W, S, M (kawałek jedwabiu)","Mag","","Łotr (Arcane Trickster), Bard (Lore), Wojownik (Eldritch Knight), Mag (Illusionist)","Zmieniasz magiczną aurę przedmiotu lub istoty. Możesz sprawić, by przedmiot magiczny wydawał się niemagiczny (lub odwrotnie) albo zmienić sposób, w jaki czary wykrywające postrzegają typ istoty (np. sprawić, by człowiek wydawał się nieumarłym).",""
"Nieustępliwy Pościg","2.","Dodatkowa","Koncentracja, do 1 minuty","Przemiana","Własny","W","Łowca","","","Przez czas trwania czaru masz ułatwienie w testach Mądrości (Przetrwanie) do tropienia istot oraz w testach cech wykonywanych, by uniknąć zmęczenia podczas forsownego marszu. Twoja prędkość wzrasta o 3 m.",""
"Ognista Strzała","3.","Akcja","Koncentracja, do 1 godziny","Przemiana","Dotyk","W, S","Artymag, Zaklinacz, Mag","","Łotr (Arcane Trickster), Bard (Lore), Wojownik (Eldritch Knight)","Dotykasz kołczanu zawierającego do dwunastu strzał lub bełtów. Przez czas trwania czaru amunicja ta zadaje dodatkowe 1d6 obrażeń od ognia przy trafieniu.","Użycie komórki czaru wyższego poziomu. Liczba strzał wzrasta o dwie za każdy poziom powyżej 3."
"Ognista Kula","3.","Akcja","Natychmiastowy","Wywoływanie","45 m","W, S, M (kulka z guana nietoperza i siarki)","Zaklinacz, Mag","","Artymag (Artillerist), Łotr (Arcane Trickster), Druid (Wildfire), Bard (Lore), Wojownik (Eldritch Knight), Mag (Evoker), Czarownik (Fiend), Kleryk (Light), Czarownik (Genie)","Jasna smuga wystrzeliwuje z twojego palca do punktu w zasięgu, gdzie wybucha w sferze o promieniu 6 m. Każda istota tam musi wykonać rzut na Zręczność, otrzymując 8d6 obrażeń od ognia przy porażce lub połowę przy sukcesie. Ogień podpala łatwopalne przedmioty.","Użycie komórki czaru wyższego poziomu. Obrażenia wzrastają o 1d6 za każdy poziom powyżej 3."
"Ognisty Bat","Sztuczka","Akcja","Natychmiastowy","Wywoływanie","4,5 m","W, S","Zaklinacz, Czarownik, Mag","","Druid (Wildfire), Bard (Lore), Wojownik (Eldritch Knight)","Tworzysz bicz z płomieni. Wykonaj atak wręcz czarem przeciwko istotie w zasięgu. Przy trafieniu cel otrzymuje 1d6 obrażeń od ognia i jeśli jest rozmiaru dużego lub mniejszego, zostaje przyciągnięty o 3 m w twoją stronę. Obrażenia wzrastają o 1d6 na 5., 11. i 17. poziomie.",""
"Ognisty Podmuch","Sztuczka","Akcja","Natychmiastowy","Wywoływanie","36 m","W, S","Zaklinacz, Mag","","Artymag (Artillerist), Łotr (Arcane Trickster), Druid (Wildfire), Bard (Lore), Wojownik (Eldritch Knight), Mag (Evoker)","Wystrzeliwujesz promień ognia w cel w zasięgu. Wykonaj dystansowy atak czarem. Przy trafieniu cel otrzymuje 1d10 obrażeń od ognia. Łatwopalny przedmiot trafiony tym czarem zapala się, jeśli nie jest noszony ani trzymany. Obrażenia wzrastają o 1d10 na 5., 11. i 17. poziomie.",""
"Ognisty Mur","4.","Akcja","Koncentracja, do 1 minuty","Wywoływanie","36 m","W, S, M (kawałek fosforu)","Druid, Zaklinacz, Mag","","Artymag (Artillerist), Łotr (Arcane Trickster), Druid (Wildfire), Wojownik (Eldritch Knight), Mag (Evoker), Czarownik (Fiend), Kleryk (Light), Czarownik (Genie)","Tworzysz ścianę ognia o długości do 18 m, wysokości 6 m i grubości 30 cm, lub kolistą ścianę o średnicy do 6 m. Jedna strona ściany zadaje 5d8 obrażeń od ognia każdej istocie kończącej tam turę w promieniu 3 m.","Użycie komórki czaru wyższego poziomu. Obrażenia wzrastają o 1d8 za każdy poziom powyżej 4."
"Ognista Burza","7.","Akcja","Natychmiastowy","Wywoływanie","45 m","W, S","Kleryk, Druid, Zaklinacz","","Zaklinacz (Divine Soul)","Tworzysz burzę ognia składającą się z dziesięciu 3-metrowych sześcianów, które możesz ułożyć w dowolny sposób (każdy musi stykać się z przynajmniej jednym innym). Każda istota na tym obszarze wykonuje rzut na Zręczność, otrzymując 7d10 obrażeń od ognia przy porażce.",""
"Ogniste Ostrze","2.","Dodatkowa","Koncentracja, do 10 minut","Wywoływanie","Własny","W, S, M (pochodnia)","Druid, Zaklinacz, Czarownik, Mag","","Druid (Wildfire), Łotr (Arcane Trickster), Bard (Lore), Wojownik (Eldritch Knight), Kleryk (Light)","Przywołujesz w dłoni miecz z płomieni. Atak wręcz czarem zadaje 3d6 obrażeń od ognia. Miecz daje jasne światło w promieniu 3 m. Możesz go upuścić lub przywołać ponownie akcją dodatkową.","Użycie komórki czaru wyższego poziomu. Obrażenia wzrastają o 1d6 za każde dwa poziomy powyżej 2."
"Ognista Sfera","2.","Akcja","Koncentracja, do 1 minuty","Przywoływanie","18 m","W, S, M (odrobina łoju)","Druid, Mag","","Łotr (Arcane Trickster), Druid (Wildfire), Bard (Lore), Wojownik (Eldritch Knight)","Tworzysz 1,5-metrową sferę ognia w wolnym miejscu. Każda istota kończąca turę w promieniu 1,5 m od niej wykonuje rzut na Zręczność, otrzymując 2d6 obrażeń od ognia. Możesz przesuwać sferę o 9 m akcją dodatkową.","Użycie komórki czaru wyższego poziomu. Obrażenia wzrastają o 1d6 za każdy poziom powyżej 2."
"Ognista Tarcza","4.","Akcja","10 minut","Wywoływanie","Własny","W, S, M (fosfor)","Mag","","Artymag (Artillerist), Wojownik (Eldritch Knight), Mag (Evoker), Czarownik (Fiend), Czarownik (Genie)","Otaczają cię cienkie płomienie. Wybierz: Ciepła tarcza (odporność na zimno) lub Zimna tarcza (odporność na ogień). Ilekroć istota w promieniu 1,5 m trafi cię atakiem wręcz, otrzymuje 2d8 obrażeń (od ognia dla ciepłej, od zimna dla zimnej).",""
"Ognisty Krok","3.","Dodatkowa","Natychmiastowy","Przywoływanie","Własny","W","Zaklinacz, Czarownik, Mag","","Artymag (Alchemist), Łotr (Arcane Trickster), Bard (Lore), Wojownik (Eldritch Knight), Czarownik (Genie)","Teleportujesz się o maksymalnie 9 m w wolne miejsce, które widzisz. Każda istota w promieniu 1,5 m od miejsca, które opuściłeś, musi wykonać rzut na Zręczność, otrzymując 3d8 obrażeń od ognia przy porażce.","Użycie komórki czaru wyższego poziomu. Obrażenia wzrastają o 1d8 za każdy poziom powyżej 3."
"Zasłona","8.","Akcja","Koncentracja, do 1 godziny","Iluzja","Własny","W, S","Bard, Zaklinacz, Czarownik, Mag","","Mag (Illusionist)","Zmieniasz wygląd dowolnej liczby istot, które widzisz w zasięgu. Możesz sprawić, by wydawały się wyższe, niższe, chudsze lub grubsze, a nawet by wyglądały jak przedstawiciele innego gatunku. Iluzja obejmuje również ubrania i ekwipunek.",""
"Zasłona Umysłu","8.","Akcja","24 godziny","Odrzucanie","Dotyk","W, S","Bard, Mag","","","Dotykasz chętnej istoty. Przez czas trwania czaru cel jest odporny na obrażenia psychiczne oraz wszelkie efekty czytania w myślach, wykrywania charakteru lub emocji. Nawet czar Życzenie nie może go wykryć.",""
"Pusta Pustka","9.","Akcja","Koncentracja, do 1 minuty","Nekromancja","45 m","W, S, M (kawałek obsydianu)","Czarownik, Mag","","","Tworzysz sferę czerni o promieniu 6 m. Każda istota tam musi wykonać rzut na Kondycję, otrzymując 10d10 obrażeń nekrotycznych przy porażce. Istota, która spadnie do 0 PZ, zostaje natychmiast zniszczona.",""
"Głosy z Zaświatów","1.","1 min.","10 minut","Nekromancja (rytuał)","Dotyk","W, S, M (kadzidło)","","Bard, Kleryk, Mag","","Kontaktujesz się z duchem zmarłej istoty. Możesz zadać do pięciu pytań. Duch zna tylko to, co wiedział za życia. Odpowiedzi mogą być niejasne lub zagadkowe.",""
"Nystul's Magic Aura","2.","Akcja","24 godziny","Iluzja","Dotyk","W, S, M (kawałek jedwabiu)","Mag","","Łotr (Arcane Trickster), Bard (Lore), Wojownik (Eldritch Knight), Mag (Illusionist)","Zmieniasz magiczną aurę przedmiotu lub istoty. Możesz sprawić, by przedmiot magiczny wydawał się niemagiczny (lub odwrotnie) albo zmienić sposób, w jaki czary wykrywające postrzegają typ istoty (np. sprawić, by człowiek wydawał się nieumarłym).",""
"Nieustępliwy Pościg","2.","Dodatkowa","Koncentracja, do 1 minuty","Przemiana","Własny","W","Łowca","","","Przez czas trwania czaru masz ułatwienie w testach Mądrości (Przetrwanie) do tropienia istot oraz w testach cech wykonywanych, by uniknąć zmęczenia podczas forsownego marszu. Twoja prędkość wzrasta o 3 m.",""
"Ognista Strzała","3.","Akcja","Koncentracja, do 1 godziny","Przemiana","Dotyk","W, S","Artymag, Zaklinacz, Mag","","Łotr (Arcane Trickster), Bard (Lore), Wojownik (Eldritch Knight)","Dotykasz kołczanu zawierającego do dwunastu strzał lub bełtów. Przez czas trwania czaru amunicja ta zadaje dodatkowe 1d6 obrażeń od ognia przy trafieniu.","Użycie komórki czaru wyższego poziomu. Liczba strzał wzrasta o dwie za każdy poziom powyżej 3."
"Ognista Kula","3.","Akcja","Natychmiastowy","Wywoływanie","45 m","W, S, M (kulka z guana nietoperza i siarki)","Zaklinacz, Mag","","Artymag (Artillerist), Łotr (Arcane Trickster), Druid (Wildfire), Bard (Lore), Wojownik (Eldritch Knight), Mag (Evoker), Czarownik (Fiend), Kleryk (Light), Czarownik (Genie)","Jasna smuga wystrzeliwuje z twojego palca do punktu w zasięgu, gdzie wybucha w sferze o promieniu 6 m. Każda istota tam musi wykonać rzut na Zręczność, otrzymując 8d6 obrażeń od ognia przy porażce lub połowę przy sukcesie. Ogień podpala łatwopalne przedmioty.","Użycie komórki czaru wyższego poziomu. Obrażenia wzrastają o 1d6 za każdy poziom powyżej 3."
"Ognisty Bat","Sztuczka","Akcja","Natychmiastowy","Wywoływanie","4,5 m","W, S","Zaklinacz, Czarownik, Mag","","Druid (Wildfire), Bard (Lore), Wojownik (Eldritch Knight)","Tworzysz bicz z płomieni. Wykonaj atak wręcz czarem przeciwko istotie w zasięgu. Przy trafieniu cel otrzymuje 1d6 obrażeń od ognia i jeśli jest rozmiaru dużego lub mniejszego, zostaje przyciągnięty o 3 m w twoją stronę. Obrażenia wzrastają o 1d6 na 5., 11. i 17. poziomie.",""
"Ognisty Podmuch","Sztuczka","Akcja","Natychmiastowy","Wywoływanie","36 m","W, S","Zaklinacz, Mag","","Artymag (Artillerist), Łotr (Arcane Trickster), Druid (Wildfire), Bard (Lore), Wojownik (Eldritch Knight), Mag (Evoker)","Wystrzeliwujesz promień ognia w cel w zasięgu. Wykonaj dystansowy atak czarem. Przy trafieniu cel otrzymuje 1d10 obrażeń od ognia. Łatwopalny przedmiot trafiony tym czarem zapala się, jeśli nie jest noszony ani trzymany. Obrażenia wzrastają o 1d10 na 5., 11. i 17. poziomie.",""
"Ognisty Mur","4.","Akcja","Koncentracja, do 1 minuty","Wywoływanie","36 m","W, S, M (kawałek fosforu)","Druid, Zaklinacz, Mag","","Artymag (Artillerist), Łotr (Arcane Trickster), Druid (Wildfire), Wojownik (Eldritch Knight), Mag (Evoker), Czarownik (Fiend), Kleryk (Light), Czarownik (Genie)","Tworzysz ścianę ognia o długości do 18 m, wysokości 6 m i grubości 30 cm, lub kolistą ścianę o średnicy do 6 m. Jedna strona ściany zadaje 5d8 obrażeń od ognia każdej istocie kończącej tam turę w promieniu 3 m.","Użycie komórki czaru wyższego poziomu. Obrażenia wzrastają o 1d8 za każdy poziom powyżej 4."
"Ognista Burza","7.","Akcja","Natychmiastowy","Wywoływanie","45 m","W, S","Kleryk, Druid, Zaklinacz","","Zaklinacz (Divine Soul)","Tworzysz burzę ognia składającą się z dziesięciu 3-metrowych sześcianów, które możesz ułożyć w dowolny sposób (każdy musi stykać się z przynajmniej jednym innym). Każda istota na tym obszarze wykonuje rzut na Zręczność, otrzymując 7d10 obrażeń od ognia przy porażce.",""
"Ogniste Ostrze","2.","Dodatkowa","Koncentracja, do 10 minut","Wywoływanie","Własny","W, S, M (pochodnia)","Druid, Zaklinacz, Czarownik, Mag","","Druid (Wildfire), Łotr (Arcane Trickster), Bard (Lore), Wojownik (Eldritch Knight), Kleryk (Light)","Przywołujesz w dłoni miecz z płomieni. Atak wręcz czarem zadaje 3d6 obrażeń od ognia. Miecz daje jasne światło w promieniu 3 m. Możesz go upuścić lub przywołać ponownie akcją dodatkową.","Użycie komórki czaru wyższego poziomu. Obrażenia wzrastają o 1d6 za każde dwa poziomy powyżej 2."
"Ognista Sfera","2.","Akcja","Koncentracja, do 1 minuty","Przywoływanie","18 m","W, S, M (odrobina łoju)","Druid, Mag","","Łotr (Arcane Trickster), Druid (Wildfire), Bard (Lore), Wojownik (Eldritch Knight)","Tworzysz 1,5-metrową sferę ognia w wolnym miejscu. Każda istota kończąca turę w promieniu 1,5 m od niej wykonuje rzut na Zręczność, otrzymując 2d6 obrażeń od ognia. Możesz przesuwać sferę o 9 m akcją dodatkową.","Użycie komórki czaru wyższego poziomu. Obrażenia wzrastają o 1d6 za każdy poziom powyżej 2."
"Ognista Tarcza","4.","Akcja","10 minut","Wywoływanie","Własny","W, S, M (fosfor)","Mag","","Artymag (Artillerist), Wojownik (Eldritch Knight), Mag (Evoker), Czarownik (Fiend), Czarownik (Genie)","Otaczają cię cienkie płomienie. Wybierz: Ciepła tarcza (odporność na zimno) lub Zimna tarcza (odporność na ogień). Ilekroć istota w promieniu 1,5 m trafi cię atakiem wręcz, otrzymuje 2d8 obrażeń (od ognia dla ciepłej, od zimna dla zimnej).",""
"Pancerz Maga","1.","Akcja","8 godzin","Odrzucanie","Dotyk","W, S, M (kawałek garbowanej skóry)","Zaklinacz, Mag","","Łotr (Arcane Trickster), Bard (Lore), Wojownik (Eldritch Knight), Mag (Abjurer)","Dotykasz chętnej istoty, która nie nosi pancerza. Przez czas trwania czaru bazowa Klasa Pancerza celu wynosi 13 + jego modyfikator Zręczności. Zaklęcie kończy się przedwcześnie, jeśli cel założy pancerz.",""
"Magiczna Dłoń","Sztuczka","Akcja","1 minuta","Przywoływanie","9 m","W, S","Bard, Zaklinacz, Czarownik, Mag","","Łotr (Arcane Trickster), Bard (Lore), Wojownik (Eldritch Knight), Łowca (Swarmkeeper), Kleryk (Arcana)","Tworzysz widmową, unoszącą się dłoń w wybranym punkcie w zasięgu. Dłoń znika, jeśli oddali się od ciebie o więcej niż 9 m. Możesz użyć akcji, by nią manipulować (np. otwierać drzwi, wyjmować przedmioty). Dłoń nie może atakować ani podnosić więcej niż 5 kg.",""
"Magiczny Krąg","3.","1 min.","1 godzina","Odrzucanie","3 m","W, S, M (sól i sproszkowane srebro o wartości 100+ SZ, które zaklęcie zużywa)","Kleryk, Paladyn, Czarownik, Mag","","Łotr (Arcane Trickster), Bard (Lore), Zaklinacz (Divine Soul), Wojownik (Eldritch Knight), Łowca (Monster Slayer), Mag (Abjurer), Kleryk (Arcana)","Tworzysz cylinder o promieniu 3 m i wysokości 6 m. Wybierz typ: niebiańscy, żywiołaki, fey, biesy lub nieumarli. Wybrane istoty nie mogą wejść do kręgu, a ich ataki przeciwko osobom wewnątrz mają utrudnienie.","Użycie komórki czaru wyższego poziomu. Czas trwania wzrasta o 1 godzinę za każdy poziom powyżej 3."
"Magiczne Naczynie","6.","1 min.","Do rozproszenia","Nekromancja","Własny","W, S, M (klejnot, kryształ lub relikwiarz o wartości 500+ SZ)","Mag","","Kleryk (Arcana)","Twoje ciało zapada w stan katatonii, gdy twoja dusza je opuszcza i wchodzi do naczynia. Możesz próbować opętać ciało humanoida w promieniu 30 m. Cel wykonuje rzut na Charyzmę. Przy porażce przejmujesz kontrolę nad jego ciałem.",""
"Magiczny Pocisk","1.","Akcja","Natychmiastowy","Wywoływanie","36 m","W, S","Zaklinacz, Mag","","Łotr (Arcane Trickster), Bard (Lore), Wojownik (Eldritch Knight), Mag (Evoker), Artymag (Armorer), Kleryk (Arcana)","Tworzysz trzy świecące pociski z magicznej mocy. Każdy pocisk trafia wybraną istotę w zasięgu i zadaje 1d4 + 1 obrażeń od mocy. Pociski uderzają jednocześnie.","Użycie komórki czaru wyższego poziomu. Tworzysz jeden dodatkowy pocisk za każdy poziom powyżej 1."
"Magiczne Usta","2.","1 min.","Do rozproszenia","Iluzja (rytuał)","9 m","W, S, M (pył jadeitowy o wartości 10+ SZ, który zaklęcie zużywa)","Bard, Mag","","Łotr (Arcane Trickster), Bard (Lore), Wojownik (Eldritch Knight), Mag (Illusionist), Kleryk (Arcana)","Wszczepiasz wiadomość w przedmiot w zasięgu. Wiadomość (do 25 słów) zostaje wypowiedziana, gdy spełniony zostanie określony przez ciebie warunek wizualny lub słuchowy w promieniu 9 m od przedmiotu.",""
"Magiczny Kamień","Sztuczka","Dodatkowa","1 minuta","Przemiana","Dotyk","W, S","","Druid, Czarownik","Bard (Lore), Kleryk (Nature)","Dotykasz od jednego do trzech kamyków i nasycasz je magią. Możesz nimi rzucić (zasięg 18 m) wykonując dystansowy atak czarem. Przy trafieniu cel otrzymuje obrażenia obuchowe równe 1d6 + twój modyfikator cechy czarującej.",""
"Magiczna Broń","2.","Dodatkowa","1 godzina","Przemiana","Dotyk","W, S","Paladyn, Łowca, Zaklinacz, Mag","","Łotr (Arcane Trickster), Bard (Lore), Wojownik (Eldritch Knight), Kleryk (War), Kleryk (Forge), Paladyn (Glory), Kleryk (Arcana)","Dotykasz niemagicznej broni. Przez czas trwania czaru staje się ona bronią magiczną z bonusem +1 do rzutów na atak i obrażenia.","Użycie komórki czaru wyższego poziomu. Bonus wzrasta do +2 (poziom 3-5) lub +3 (poziom 6+)."
"Główny Obraz","3.","Akcja","Koncentracja, do 10 minut","Iluzja","36 m","W, S, M (kawałek wełny)","Bard, Zaklinacz, Czarownik, Mag","","Łotr (Arcane Trickster), Bard (Lore), Wojownik (Eldritch Knight), Mag (Illusionist)","Tworzysz obraz przedmiotu, istoty lub zjawiska nie większy niż 6-metrowy sześcian. Obraz wydaje się prawdziwy, włączając dźwięki, zapachy i temperaturę. Możesz go przesuwać akcją.","Użycie komórki czaru wyższego poziomu. Zaklęcie trwa do rozproszenia bez koncentracji przy użyciu komórki 4. poziomu lub wyższej."
"Grupowe Leczenie Ran","5.","Akcja","Natychmiastowy","Odrzucanie","18 m","W, S","Bard, Kleryk, Druid","","Artymag (Battle Smith), Druid (Wildfire), Druid (Moon), Zaklinacz (Divine Soul), Kleryk (Life)","Fala uzdrawiającej energii wypływa z wybranego punktu. Do sześciu istot w sferze o promieniu 9 m odzyskuje PŻ równe 5d8 + twój modyfikator cechy czarującej.","Użycie komórki czaru wyższego poziomu. Leczenie wzrasta o 1d8 za każdy poziom powyżej 5."
"Grupowe Uzdrawianie","9.","Akcja","Natychmiastowy","Odrzucanie","18 m","W, S","Kleryk","","Zaklinacz (Divine Soul)","Przywracasz do 700 Punktów Życia, dzieląc je według uznania między dowolną liczbę istot w zasięgu. Usuwa również stany: Oślepiony, Ogłuszony i Zatruły.",""
"Grupowe Słowo Leczące","3.","Dodatkowa","Natychmiastowy","Odrzucanie","18 m","W","Bard, Kleryk","","Artymag (Alchemist), Bard (Lore), Zaklinacz (Divine Soul), Kleryk (Life), Kleryk (Order)","Do sześciu wybranych istot w zasięgu odzyskuje PŻ równe 2d4 + twój modyfikator cechy czarującej.","Użycie komórki czaru wyższego poziomu. Leczenie wzrasta o 1d4 za każdy poziom powyżej 3."
"Masowa Polimorfia","9.","Akcja","Koncentracja, do 1 godziny","Przemiana","36 m","W, S, M (kokon gąsienicy)","Bard, Zaklinacz, Mag","","Kleryk (Arcana)","Przemieniasz do dziesięciu wybranych istot w formy bestii. Niechętny cel wykonuje rzut na Mądrość. Statystyki celu zostają zastąpione statystykami bestii, ale zachowuje on swoje PŻ, charakter i osobowość. Cel zyskuje tymczasowe PŻ równe PŻ nowej formy.",""
"Grupowa Sugestia","6.","Akcja","24 godziny","Zauroczenie","18 m","W, M (język węża)","Bard, Zaklinacz, Mag","","Kleryk (Arcana)","Sugerujesz kurs działania (do 25 słów) maksymalnie dwunastu istotm w zasięgu. Każdy cel musi wykonać rzut na Mądrość lub zostać zauroczonym i dążyć do wykonania sugestii.","Użycie komórki czaru wyższego poziomu. Czas trwania wynosi: 10 dni (poziom 7), 30 dni (poziom 8) lub 366 dni (poziom 9)."
"Ziemny Uścisk Maximiliana","2.","Akcja","Koncentracja, do 1 minuty","Przemiana","9 m","W, S, M (miniaturowa dłoń z gliny)","Zaklinacz, Mag","","Łotr (Arcane Trickster), Bard (Lore), Wojownik (Eldritch Knight)","Średnia dłoń z ubitej ziemi wyrasta w wybranym miejscu i chwyta istotę w promieniu 1,5 m. Cel musi wykonać rzut na Siłę lub otrzymać 2d6 obrażeń obuchowych i zostać unieruchomionym. Możesz użyć akcji, by zmiażdżyć cel (2d6 obrażeń).",""
"Labirynt","8.","Akcja","Koncentracja, do 10 minut","Przywoływanie","18 m","W, S","Mag","","Kleryk (Arcana)","Wygnasz istotę do labiryntowego półplanu. Cel pozostaje tam do końca czaru lub dopóki nie ucieknie, wykonując test Inteligencji (Śledztwo) o ST 20.",""
"Wtopienie w Kamień","3.","Akcja","8 godzin","Przemiana (rytuał)","Dotyk","W, S","Kleryk, Druid, Łowca","","Druid (Land), Bard (Lore), Zaklinacz (Divine Soul), Czarownik (Genie)","Wchodzisz w kamienny obiekt lub powierzchnię wystarczająco dużą, by pomieścić twoje ciało. Jesteś niewidoczny i niewykrywalny niemagicznymi zmysłami. Możesz rzucać czary na siebie.",""
"Kwasowa Strzała Melfa","2.","Akcja","Natychmiastowy","Wywoływanie","27 m","W, S, M (sproszkowany liść rzewienia)","Mag","","Artymag (Alchemist), Łotr (Arcane Trickster), Druid (Land), Bard (Lore), Wojownik (Eldritch Knight), Mag (Evoker)","Zielona strzała pędzi w stronę celu. Wykonaj dystansowy atak czarem. Przy trafieniu cel otrzymuje 4d4 obrażeń od kwasu natychmiast i 2d4 na końcu swojej następnej tury. Przy pudle cel otrzymuje połowę początkowych obrażeń.","Użycie komórki czaru wyższego poziomu. Obrażenia wzrastają o 1d4 za każdy poziom powyżej 2."
"Małe Meteory Melfa","3.","Akcja","Koncentracja, do 10 minut","Wywoływanie","Własny","W, S, M (saletra, siarka i smoła sosnowa)","Zaklinacz, Mag","","Łotr (Arcane Trickster), Bard (Lore), Wojownik (Eldritch Knight), Mag (Evoker)","Tworzysz sześć małych meteorów, które krążą wokół ciebie. Możesz wystrzelić jeden lub dwa meteory akcją dodatkową w punkt w promieniu 36 m. Każda istota w promieniu 1,5 m od wybuchu wykonuje rzut na Zręczność, otrzymując 2d6 obrażeń od ognia.","Użycie komórki czaru wyższego poziomu. Liczba meteorów wzrasta o dwa za każdy poziom powyżej 3."
"Naprawa","Sztuczka","1 min.","Natychmiastowy","Przemiana","Dotyk","W, S, M (dwa magnesy)","Bard, Kleryk, Druid, Zaklinacz, Mag","","Łotr (Arcane Trickster), Druid (Land), Bard (Lore), Zaklinacz (Divine Soul), Wojownik (Eldritch Knight), Kleryk (Nature), Kleryk (Arcana)","Naprawiasz pojedyncze pęknięcie lub rozdarcie w przedmiocie, którego dotykasz (nie większe niż 30 cm). Może naprawić przedmiot magiczny fizycznie, ale nie przywraca mu magii.",""
"Mentalne Więzienie","6.","Akcja","Koncentracja, do 1 minuty","Iluzja","18 m","S","Zaklinacz, Czarownik, Mag","","Mag (Illusionist), Kleryk (Arcana)","Próbujesz uwięzić istotę w iluzorycznej celi. Cel wykonuje rzut na Inteligencję. Przy porażce otrzymuje 5d10 obrażeń psychicznych i jest unieruchomiony. Jeśli wyjdzie z iluzji, otrzymuje 10d10 obrażeń psychicznych.",""
"Wiadomość","Sztuczka","Akcja","1 runda","Przemiana","36 m","S, M (miedziany drut)","Bard, Druid, Zaklinacz, Mag","","Łotr (Arcane Trickster), Druid (Land), Bard (Lore), Wojownik (Eldritch Knight), Kleryk (Nature), Kleryk (Arcana)","Wskazujesz istotę i szepczesz wiadomość. Tylko cel ją słyszy i może odpowiedzieć szeptem. Czar działa przez solidne obiekty, jeśli znasz cel.",""
"Rój Meteorów","9.","Akcja","Natychmiastowy","Wywoływanie","1,6 km","W, S","Zaklinacz, Mag","","Mag (Evoker), Kleryk (Arcana)","Płonące kule ognia spadają w czterech punktach w zasięgu. Każda istota w sferze o promieniu 12 m wykonuje rzut na Zręczność, otrzymując 20d6 obrażeń od ognia i 20d6 obrażeń obuchowych.",""
"Potężna Twierdza","8.","1 min.","Natychmiastowy","Przywoływanie","1,6 km","W, S, M (diament o wartości 500 SZ, który zaklęcie zużywa)","Mag","","Kleryk (Arcana)","Kamienna twierdza wyrasta z ziemi na obszarze kwadratu o boku 36 m. Zawiera wieże, mury, główny budynek z jedzeniem dla 100 osób i 100 niewidzialnych służących. Znika po 7 dniach, chyba że rzucasz czar co tydzień przez rok.",""
"Pustka Umysłu","8.","Akcja","24 godziny","Odrzucanie","Dotyk","W, S","Bard, Mag","","Mag (Abjurer), Kleryk (Arcana)","Dotykasz chętnej istoty. Jest ona odporna na obrażenia psychiczne i stan zauroczenia. Jest niewykrywalna dla czarów wróżbiarskich i czytania w myślach.",""
"Mentalny Odłamek","Sztuczka","Akcja","1 runda","Zauroczenie","18 m","W","Zaklinacz, Czarownik, Mag","","Łotr (Arcane Trickster), Bard (Lore), Zaklinacz (Aberrant), Wojownik (Eldritch Knight), Kleryk (Arcana)","Wbijasz psychiczny kolec w umysł istoty. Cel musi wykonać rzut na Inteligencję lub otrzymać 1d6 obrażeń psychicznych i odjąć 1d4 od swojego następnego rzutu obronnego przed końcem twojej następnej tury.","Ulepszenie sztuczki. Obrażenia wzrastają o 1d6 na 5., 11. i 17. poziomie."
"Mentalny Kolec","2.","Akcja","Koncentracja, do 1 godziny","Wróżenie","36 m","S","Zaklinacz, Czarownik, Mag","","Łotr (Arcane Trickster), Bard (Lore), Wojownik (Eldritch Knight), Mag (Diviner), Kleryk (Knowledge)","Wbijasz kolec energii psionicznej w umysł istoty. Cel wykonuje rzut na Mądrość, otrzymując 3d8 obrażeń psychicznych przy porażce. Przy porażce znasz lokalizację celu do końca czaru.","Użycie komórki czaru wyższego poziomu. Obrażenia wzrastają o 1d8 za każdy poziom powyżej 2."
"Mniejsza Iluzja","Sztuczka","Akcja","1 minuta","Iluzja","9 m","S, M (kawałek wełny)","Bard, Zaklinacz, Czarownik, Mag","","Łotr (Arcane Trickster), Bard (Lore), Wojownik (Eldritch Knight), Mag (Illusionist), Kleryk (Arcana), Mnich (Shadow)","Tworzysz dźwięk lub obraz przedmiotu w zasięgu. Dźwięk może trwać przez cały czas trwania czaru. Obraz musi mieścić się w 1,5-metrowym sześcianie.",""
"Miraż","7.","10 min.","10 dni","Iluzja","Wzrok","W, S","Bard, Druid, Mag","","Mag (Illusionist), Kleryk (Arcana)","Zmieniasz wygląd terenu na obszarze do 1,6 km kwadratowego. Teren może wyglądać, brzmieć i pachnieć inaczej. Możesz tworzyć struktury i zmieniać trudny teren w normalny (i odwrotnie).",""
"Lustrzane Odbicie","2.","Akcja","1 minuta","Iluzja","Własny","W, S","Bard, Zaklinacz, Czarownik, Mag","","Artymag (Armorer), Łotr (Arcane Trickster), Druid (Land), Bard (Glamour), Bard (Lore), Wojownik (Eldritch Knight), Mag (Illusionist), Kleryk (Trickery)","Tworzysz trzy iluzoryczne duplikaty siebie. Ilekroć istota trafia cię atakiem, rzuć k6 za każdy duplikat. Przy wyniku 3+ atak trafia w duplikat i niszczy go.",""
"Zmylenie","5.","Akcja","Koncentracja, do 1 godziny","Iluzja","Własny","S","Bard, Czarownik, Mag","","Łowca (Fey Wanderer), Mag (Illusionist), Zaklinacz (Lunar), Kleryk (Twilight)","Stajesz się niewidzialny, a w twoim miejscu pojawia się twój iluzoryczny sobowtór. Możesz przesuwać sobowtóra akcją i widzieć jego oczami. Invisibility kończy się, gdy zaatakujesz lub rzucisz czar.",""
"Mglisty Krok","2.","Dodatkowa","Natychmiastowy","Przywoływanie","Własny","W","Zaklinacz, Czarownik, Mag","","Łotr (Arcane Trickster), Czarownik (Archfey), Druid (Land), Bard (Lore), Wojownik (Eldritch Knight), Łowca (Fey Wanderer), Łowca (Horizon Walker), Paladyn (Vengeance), Paladyn (Ancients)","Teleportujesz się o maksymalnie 9 m w wolne miejsce, które widzisz.",""
"Modyfikacja Pamięci","5.","Akcja","Koncentracja, do 1 minuty","Zauroczenie","9 m","W, S","Bard, Mag","","Czarownik (Great Old One), Kleryk (Trickery)","Próbujesz zmienić wspomnienia istoty. Cel wykonuje rzut na Mądrość. Przy porażce zostaje zauroczony i możesz zmienić jego wspomnienie z ostatnich 24 godzin (trwające do 10 minut).","Użycie komórki czaru wyższego poziomu. Możesz zmieniać wspomnienia sprzed: 7 dni (poziom 6), 30 dni (poziom 7), 1 roku (poziom 8), dowolnego czasu (poziom 9)."
"Kształtowanie Ziemi","Sztuczka","Akcja","Natychmiastowy lub 1 godzina","Przemiana","9 m","S","","Druid, Zaklinacz, Mag","Łotr (Arcane Trickster), Druid (Land), Bard (Lore), Wojownik (Eldritch Knight), Kleryk (Nature), Kleryk (Arcana)","Wybierasz obszar ziemi lub piasku w 1,5-metrowym sześcianie. Możesz go wykopać i przenieść o 1,5 m, stworzyć na nim wzory lub zmienić go w trudny teren na 1 godzinę.",""
"Księżycowy Blask","2.","Akcja","Koncentracja, do 1 minuty","Wywoływanie","36 m","W, S, M (liść heliotropu)","Druid","","Druid (Moon), Bard (Lore), Paladyn (Ancients), Paladyn (Watchers), Kleryk (Twilight)","Srebrzysty blask schodzi w cylindrze o promieniu 1,5 m i wysokości 12 m. Każda istota tam musi wykonać rzut na Kondycję, otrzymując 2d10 obrażeń od jasności przy porażce. Zmiennokształtni wracają do prawdziwej formy.","Użycie komórki czaru wyższego poziomu. Obrażenia wzrastają o 1d10 za każdy poziom powyżej 2."
"Wierny Ogar Mordenkainena","4.","Akcja","8 godzin","Przywoływanie","9 m","W, S, M (srebrny gwizdek)","Mag","","Łotr (Arcane Trickster), Wojownik (Eldritch Knight)","Przywołujesz widmowego psa stróżującego w wolnym miejscu. Pies szczeka głośno, gdy jakakolwiek istota zbliży się na 9 m bez hasła. Pies atakuje wrogów w promieniu 1,5 m, zadając 4d8 obrażeń od mocy.",""
"Wspaniała Rezydencja Mordenkainena","7.","1 min.","24 godziny","Przywoływanie","90 m","W, S, M (miniaturowe drzwi o wartości 15 SZ)","Bard, Mag","","Kleryk (Arcana)","Tworzysz niewidzialne wejście do wspaniałej rezydencji na innym planie. Rezydencja może pomieścić do 100 osób i zawiera 100 niewidzialnych służących. Jest tam mnóstwo jedzenia i picia.",""
"Prywatne Sanktuarium Mordenkainena","4.","10 min.","24 godziny","Odrzucanie","36 m","W, S, M (cienki arkusz ołowiu)","Mag","","Łotr (Arcane Trickster), Wojownik (Eldritch Knight), Mag (Abjurer)","Zabezpieczasz obszar sześcianu o boku od 1,5 do 30 m. Wybierasz efekty: dźwięk nie może przeniknąć, wzrok nie może przeniknąć, czujniki wróżbiarskie nie działają, nikt nie może się teleportować.","Użycie komórki czaru wyższego poziomu. Rozmiar sześcianu wzrasta o 30 m za każdy poziom powyżej 4."
"Miecz Mordenkainena","7.","Akcja","Koncentracja, do 1 minuty","Wywoływanie","27 m","W, S, M (miniaturowy miecz o wartości 250 SZ)","Bard, Mag","","Mag (Evoker), Kleryk (Arcana)","Tworzysz widmowy miecz, który unosi się w zasięgu. Przy pojawieniu się wykonaj atak wręcz czarem (4d12 + modyfikator obrażeń od mocy). Możesz go przesuwać o 9 m i atakować ponownie akcją dodatkową.",""
"Ruch Ziemi","6.","Akcja","Koncentracja, do 2 godzin","Przemiana","36 m","W, S, M (miniaturowa łopata)","Druid, Zaklinacz, Mag","","Kleryk (Arcana)","Zmieniasz ukształtowanie terenu (ziemi, piasku lub gliny) na obszarze 12-metrowego kwadratu. Możesz tworzyć rowy, wały lub wyrównywać teren. Zmiana zachodzi powoli w ciągu 10 minut.",""
"Zalew Negatywnej Energii","5.","Akcja","Natychmiastowy","Nekromancja","18 m","W, M (złamana kość i czarny jedwab)","Czarownik, Mag","","","Wysyłasz wstęgi negatywnej energii w istotę. Cel wykonuje rzut na Kondycję, otrzymując 5d12 obrażeń nekrotycznych przy porażce. Zabity cel wstaje jako zombie. Jeśli cel jest nieumarłym, zyskuje tymczasowe PŻ.",""
"Niewykrywalność","3.","Akcja","8 godzin","Odrzucanie","Dotyk","W, S, M (szczypta pyłu diamentowego o wartości 25 SZ, który zaklęcie zużywa)","Bard, Łowca, Mag","","Łotr (Arcane Trickster), Bard (Lore), Wojownik (Eldritch Knight), Mag (Abjurer), Kleryk (Knowledge), Paladyn (Watchers), Kleryk (Trickery)","Ukrywasz cel przed czarami wróżbiarskimi. Cel nie może być namierzony przez czary wróżbiarskie ani postrzegany przez magiczne czujniki.",""
"Magiczna Aura Nystula","2.","Akcja","24 godziny","Iluzja","Dotyk","W, S, M (kawałek jedwabiu)","Mag","","Łotr (Arcane Trickster), Bard (Lore), Wojownik (Eldritch Knight), Mag (Illusionist), Kleryk (Arcana)","Zmieniasz magiczną aurę przedmiotu lub istoty. Możesz sprawić, by przedmiot magiczny wydawał się niemagiczny (lub odwrotnie) albo zmienić postrzegany typ istoty.",""
"Mrożąca Sfera Otiluke'a","6.","Akcja","Natychmiastowy","Wywoływanie","90 m","W, S, M (miniaturowa kryształowa sfera)","Zaklinacz, Mag","","Mag (Evoker), Kleryk (Arcana)","Lodowa kula wybucha w sferze o promieniu 18 m. Każda istota tam wykonuje rzut na Kondycję, otrzymując 10d6 obrażeń od zimna. Woda zamarza na głębokość 15 cm. Możesz zachować kulę w dłoni i rzucić ją później.","Użycie komórki czaru wyższego poziomu. Obrażenia wzrastają o 1d6 za każdy poziom powyżej 6."
"Wytrzymała Sfera Otiluke'a","4.","Akcja","Koncentracja, do 1 minuty","Odrzucanie","9 m","W, S, M (szklana sfera)","Mag","","Łotr (Arcane Trickster), Wojownik (Eldritch Knight), Mag (Abjurer), Paladyn (Redemption), Kleryk (Peace)","Migocząca sfera zamyka istotę lub przedmiot. Niechętny cel wykonuje rzut na Zręczność. Nic nie może przeniknąć przez barierę. Sfera jest odporna na wszelkie obrażenia.",""
"Nieodparty Taniec Ottona","6.","Akcja","Koncentracja, do 1 minuty","Zauroczenie","9 m","W","Bard, Mag","","Kleryk (Arcana)","Istota musi wykonać rzut na Mądrość. Przy sukcesie tańczy komicznie do końca swojej następnej tury. Przy porażce zostaje zauroczona i musi tańczyć w miejscu, mając utrudnienie w rzutach na Zręczność i atakach.",""
"Bezśladowe Przejście","2.","Akcja","Koncentracja, do 1 godziny","Odrzucanie","Własny","W, S, M (popiół z jemioły)","Druid, Łowca","","Bard (Lore), Kleryk (Trickery), Mnich (Shadow)","Roztaczasz aurę w promieniu 9 m. Ty i wybrane istoty zyskujecie +10 do testów Zręczności (Skradanie) i nie zostawiacie śladów.",""
"Przejście przez Ścianę","5.","Akcja","1 godzina","Przemiana","9 m","W, S, M (szczypta nasion sezamu)","Mag","","Artymag (Armorer), Druid (Land)","Tworzysz przejście (szerokość 1,5 m, wysokość 2,4 m, głębokość 6 m) w drewnianej, tynkowanej lub kamiennej powierzchni.",""
"Widmowa Siła","2.","Akcja","Koncentracja, do 1 minuty","Iluzja","18 m","W, S, M (kawałek wełny)","Bard, Zaklinacz, Mag","","Łotr (Arcane Trickster), Czarownik (Archfey), Bard (Lore), Wojownik (Eldritch Knight), Czarownik (Great Old One), Mag (Illusionist), Czarownik (Genie), Czarownik (Undead)","Tworzysz iluzję w umyśle istoty. Cel wykonuje rzut na Inteligencję. Przy porażce postrzega iluzoryczny obiekt lub istotę (do 3-metrowego sześcianu) jako rzeczywistą i może otrzymywać od niej 2d8 obrażeń psychicznych.",""
"Widmowy Zabójca","4.","Akcja","Koncentracja, do 1 minuty","Iluzja","36 m","W, S","Bard, Mag","","Łotr (Arcane Trickster), Wojownik (Eldritch Knight), Mag (Illusionist), Czarownik (Genie), Czarownik (Hexblade)","Tworzysz iluzję najgłębszych lęków istoty. Cel wykonuje rzut na Mądrość. Przy porażce otrzymuje 4d10 obrażeń psychicznych i ma utrudnienie w testach i atakach. Cel powtarza rzut na końcu każdej tury.","Użycie komórki czaru wyższego poziomu. Obrażenia wzrastają o 1d10 za każdy poziom powyżej 4."
"Widmowy Rumak","3.","1 min.","1 godzina","Iluzja (rytuał)","9 m","W, S","Mag","","Łotr (Arcane Trickster), Bard (Lore), Wojownik (Eldritch Knight), Mag (Illusionist), Zaklinacz (Lunar), Czarownik (Undead)","Duża, quasi-rzeczywista istota przypominająca konia pojawia się w wolnym miejscu. Rumak ma prędkość 30 m i może przejechać 21 km w godzinę. Znika, jeśli otrzyma jakiekolwiek obrażenia.",""
"Niebiański Sojusznik","6.","10 min.","Natychmiastowy","Przywoływanie","18 m","W, S","Kleryk","","Zaklinacz (Divine Soul)","Prosisz istotę z innego świata o pomoc. Byt wysyła niebiańskiego, żywiołaka lub biesa, by ci pomógł. Musisz wynegocjować zapłatę za jego usługi (np. złoto, ofiara, zadanie).",""
"Pętanie Planarne","5.","1 godz.","24 godziny","Odrzucanie","18 m","W, S, M (klejnot o wartości 1,000 SZ, który zaklęcie zużywa)","Bard, Kleryk, Druid, Czarownik, Mag","","Zaklinacz (Divine Soul), Mag (Abjurer), Kleryk (Arcana)","Próbujesz spętać niebiańskiego, żywiołaka, fey lub biesa. Cel wykonuje rzut na Charyzmę. Przy porażce musi ci służyć przez czas trwania czaru.","Użycie komórki czaru wyższego poziomu. Czas trwania wynosi: 10 dni (poziom 6), 30 dni (poziom 7), 180 dni (poziom 8) lub 366 dni (poziom 9)."
"Przesunięcie Sferowe","7.","Akcja","Natychmiastowy","Przywoływanie","Dotyk","W, S, M (rozwidlony metalowy pręt o wartości 250 SZ)","Kleryk, Druid, Zaklinacz, Czarownik, Mag","","Zaklinacz (Divine Soul), Kleryk (Arcana)","Ty i do ośmiu chętnych istot zostajecie przeniesieni na inny plan egzystencji. Możesz określić ogólny cel podróży.",""
"Wzrost Roślin","3.","Akcja lub 8 godz.","Natychmiastowy","Przemiana","45 m","W, S","Bard, Druid, Łowca","","Czarownik (Archfey), Druid (Wildfire), Bard (Lore), Kleryk (Nature), Paladyn (Ancients)","Czar przesyła witalność w rośliny. Akcja: Rośliny w promieniu 30 m gęstnieją (ruch kosztuje 4x więcej). 8 godzin: Rośliny w promieniu 800 m dają podwójne plony przez rok.",""
"Trujący Rozpylacz","Sztuczka","Akcja","Natychmiastowy","Nekromancja","9 m","W, S","Druid, Zaklinacz, Czarownik, Mag","","Bard (Lore), Kleryk (Death), Wojownik (Eldritch Knight), Kleryk (Nature), Kleryk (Arcana)","Rozpylasz toksyczną mgłę w istotę. Wykonaj dystansowy atak czarem. Przy trafieniu cel otrzymuje 1d12 obrażeń od trucizny.","Ulepszenie sztuczki. Obrażenia wzrastają o 1d12 na 5., 11. i 17. poziomie."
"Polimorfia","4.","Akcja","Koncentracja, do 1 godziny","Przemiana","18 m","W, S, M (kokon gąsienicy)","Bard, Druid, Zaklinacz, Mag","","Łotr (Arcane Trickster), Wojownik (Eldritch Knight), Kleryk (Trickery)","Przemieniasz istotę w bestię. Cel wykonuje rzut na Mądrość. Statystyki celu zostają zastąpione statystykami bestii, ale zachowuje on swoje PŻ i osobowość. Zyskuje tymczasowe PŻ nowej formy.",""
"Słowo Mocy: Wzmocnienie","7.","Akcja","Natychmiastowy","Zauroczenie","18 m","W","Bard, Kleryk","","Zaklinacz (Divine Soul)","Wzmacniasz do sześciu istot w zasięgu. Czar daje 120 tymczasowych Punktów Życia, które dzielisz między odbiorców.",""
"Słowo Mocy: Uzdrowienie","9.","Akcja","Natychmiastowy","Zauroczenie","18 m","W, S","Bard, Kleryk","","Zaklinacz (Divine Soul)","Jedna istota odzyskuje wszystkie swoje Punkty Życia. Usuwa stany: Zauroczony, Przerażony, Sparaliżowany, Zatruły i Ogłuszony.",""
"Słowo Mocy: Zabicie","9.","Akcja","Natychmiastowy","Zauroczenie","18 m","W","Bard, Zaklinacz, Czarownik, Mag","","Kleryk (Arcana)","Zmuszasz istotę do śmierci. Jeśli cel ma 100 PŻ lub mniej, umiera. W przeciwnym razie otrzymuje 12d12 obrażeń psychicznych.",""
"Słowo Mocy: Ból","7.","Akcja","Natychmiastowy","Zauroczenie","18 m","W","Zaklinacz, Czarownik, Mag","","Kleryk (Arcana)","Wypowiadasz słowo mocy, które wywołuje fale bólu. Jeśli cel ma 100 PŻ lub mniej, jego prędkość zostaje ograniczona do 3 m i ma utrudnienie w testach, atakach i rzutach obronnych (poza Kondycją).",""
"Słowo Mocy: Ogłuszenie","8.","Akcja","Natychmiastowy","Zauroczenie","18 m","W","Bard, Zaklinacz, Czarownik, Mag","","Kleryk (Arcana)","Przeciążasz umysł istoty. Jeśli cel ma 150 PŻ lub mniej, zostaje ogłuszony. W przeciwnym razie jego prędkość wynosi 0 do początku twojej następnej tury.",""
"Modlitwa Leczenia","2.","10 min.","Natychmiastowy","Odrzucanie","9 m","W","Kleryk, Paladyn","","Bard (Lore), Zaklinacz (Divine Soul)","Do pięciu wybranych istot zyskuje korzyści z krótkiego odpoczynku i odzyskuje 2d8 PŻ. Można z tego skorzystać raz na długi odpoczynek.","Użycie komórki czaru wyższego poziomu. Leczenie wzrasta o 1d8 za każdy poziom powyżej 2."
"Prestidygitacja","Sztuczka","Akcja","1 godzina","Przemiana","3 m","W, S","Bard, Zaklinacz, Czarownik, Mag","","Łotr (Arcane Trickster), Bard (Lore), Wojownik (Eldritch Knight), Kleryk (Arcana)","Tworzysz prosty magiczny efekt: iskry, podmuch wiatru, zapalenie świecy, wyczyszczenie przedmiotu, zmianę smaku jedzenia lub stworzenie małego bibelotu.",""
"Pierwotne Okrucieństwo","Sztuczka","Akcja","Natychmiastowy","Przemiana","Własny","S","Druid","","Bard (Lore), Kleryk (Nature)","Twoje zęby lub paznokcie stają się ostre i nasycone kwasem. Wykonaj atak wręcz czarem (1d10 obrażeń od kwasu). Obrażenia wzrastają o 1d10 na 5., 11. i 17. poziomie.",""
"Pierwotna Osłona","6.","Akcja","Koncentracja, do 1 minuty","Odrzucanie","Własny","W, S","Druid","","","Zyskujesz odporność na obrażenia od kwasu, zimna, ognia, błyskawic i grzmotu. Możesz użyć reakcji, by zyskać niewrażliwość na jeden z tych typów, ale wtedy czar się kończy.",""
"Tęczowy Rozprysk","7.","Akcja","Natychmiastowy","Wywoływanie","Własny","W, S","Bard, Zaklinacz, Mag","","Mag (Evoker), Kleryk (Arcana)","Osiem promieni światła wystrzeliwuje w 18-metrowym stożku. Każda istota wykonuje rzut na Zręczność. Kolor promienia (losowany k8) określa efekt: obrażenia (ogień, kwas, błyskawice, trucizna, zimno), petyfikacja lub teleportacja na inny plan.",""
"Tęczowa Ściana","9.","Akcja","10 minut","Odrzucanie","18 m","W, S","Bard, Mag","","Mag (Abjurer), Kleryk (Arcana)","Tworzysz wielobarwną ścianę światła (długość 27 m, wysokość 9 m). Składa się z siedmiu warstw, z których każda ma inne właściwości obronne i zadaje 12d6 obrażeń.",""
"Wytworzenie Płomienia","Sztuczka","Dodatkowa","10 minut","Przywoływanie","Własny","W, S","Druid","","Bard (Lore), Kleryk (Nature)","Migoczący płomień pojawia się w twojej dłoni. Daje jasne światło w promieniu 6 m. Możesz nim rzucić w cel w promieniu 18 m (1d8 obrażeń od ognia). Obrażenia wzrastają o 1d8 na 5., 11. i 17. poziomie.",""
"Zaprogramowana Iluzja","6.","Akcja","Do rozproszenia","Iluzja","36 m","W, S, M (pył jadeitowy o wartości 25 SZ)","Bard, Mag","","Mag (Illusionist), Kleryk (Arcana)","Tworzysz iluzję obiektu lub istoty (do 9-metrowego sześcianu), która aktywuje się po spełnieniu określonego warunku. Skrypt może trwać do 5 minut.",""
"Projekcja Obrazu","7.","Akcja","Koncentracja, do 1 dnia","Iluzja","800 km","W, S, M (statuetka ciebie o wartości 5 SZ)","Bard, Mag","","Mag (Illusionist), Kleryk (Arcana)","Tworzysz iluzoryczną kopię siebie w dowolnym miejscu w zasięgu. Możesz widzieć jej oczami i słyszeć jej uszami. Kopia jest niematerialna.",""
"Ochrona przed Energią","3.","Akcja","Koncentracja, do 1 godziny","Odrzucanie","Dotyk","W, S","Kleryk, Druid, Łowca, Zaklinacz, Mag","","Łotr (Arcane Trickster), Zaklinacz (Clockwork), Bard (Lore), Zaklinacz (Divine Soul), Wojownik (Eldritch Knight), Kleryk (Forge), Paladyn (Glory), Paladyn (Vengeance), Paladyn (Ancients), Mag (Abjurer)","Dotykasz chętnej istoty. Zyskuje ona odporność na jeden wybrany typ obrażeń: kwas, zimno, ogień, błyskawice lub grzmot.",""
"Ochrona przed Złem i Dobrem","1.","Akcja","Koncentracja, do 10 minut","Odrzucanie","Dotyk","W, S, M (woda święcona o wartości 25 SZ, którą zaklęcie zużywa)","Kleryk, Druid, Paladyn, Czarownik, Mag","","Łotr (Arcane Trickster), Zaklinacz (Clockwork), Bard (Lore), Zaklinacz (Divine Soul), Wojownik (Eldritch Knight), Łowca (Horizon Walker), Łowca (Monster Slayer), Paladyn (Devotion), Mag (Abjurer)","Dotykasz chętnej istoty. Zyskuje ona ochronę przed aberracjami, niebiańskimi, żywiołakami, fey, biesami i nieumarłymi. Ataki tych istot mają utrudnienie, a cel nie może zostać przez nie zauroczony, przerażony ani opętany.",""
"Ochrona przed Trucizną","2.","Akcja","1 godzina","Odrzucanie","Dotyk","W, S","Kleryk, Druid, Paladyn, Łowca","","Bard (Lore), Zaklinacz (Divine Soul)","Dotykasz istoty i kończysz na niej stan zatrucia. Przez czas trwania czaru cel ma ułatwienie w rzutach obronnych przeciwko truciźnie i odporność na obrażenia od trucizny.",""
"Psychiczny Krzyk","9.","Akcja","Natychmiastowy","Zauroczenie","27 m","S","Bard, Zaklinacz, Czarownik, Mag","","Kleryk (Arcana)","Uwalniasz moc umysłu, by uderzyć w intelekt do dziesięciu istot. Każdy cel wykonuje rzut na Inteligencję, otrzymując 14d6 obrażeń psychicznych i zostając ogłuszonym przy porażce. Jeśli cel zginie, jego głowa wybucha.",""
"Oczyszczenie Jedzenia i Picia","1.","Akcja","Natychmiastowy","Przemiana (rytuał)","3 m","W, S","Kleryk, Druid, Paladyn","","Bard (Lore), Zaklinacz (Divine Soul)","Usuwasz truciznę i zgniliznę z niemagicznego jedzenia i picia w sferze o promieniu 1,5 m.",""
"Pirotechnika","2.","Akcja","Natychmiastowy","Przemiana","18 m","W, S","Bard, Zaklinacz, Mag","","Łotr (Arcane Trickster), Bard (Lore), Wojownik (Eldritch Knight)","Wybierasz obszar niemagicznego ognia w 1,5-metrowym sześcianie. Możesz go ugasić i stworzyć fajerwerki (oślepienie) lub gęsty dym (silne przesłonięcie).",""
"Wskrzeszenie","5.","1 godz.","Natychmiastowy","Nekromancja","Dotyk","W, S, M (diament o wartości 500 SZ, który zaklęcie zużywa)","Bard, Kleryk, Paladyn","","Artymag (Alchemist), Zaklinacz (Divine Soul), Kleryk (Grave), Kleryk (Life)","Przywracasz do życia istotę, która nie żyje nie dłużej niż 10 dni. Cel wraca z 1 PŻ. Przez pewien czas ma karę -4 do wszystkich testów k20.",""
"Telepatyczna Więź Rary'ego","5.","Akcja","1 godzina","Wróżenie (rytuał)","9 m","W, S, M (dwa jajka)","Bard, Mag","","Zaklinacz (Aberrant), Mag (Diviner), Zaklinacz (Lunar), Kleryk (Peace)","Tworzysz telepatyczną więź między maksymalnie ośmioma chętnymi istotami. Mogą one komunikować się telepatycznie na dowolną odległość na tym samym planie.",""
"Promień Osłabienia","2.","Akcja","Koncentracja, do 1 minuty","Nekromancja","18 m","W, S","Czarownik, Mag","","Łotr (Arcane Trickster), Bard (Lore), Kleryk (Death), Wojownik (Eldritch Knight), Kleryk (Grave)","Promień energii osłabiającej wystrzeliwuje w stronę istoty. Cel wykonuje rzut na Kondycję. Przy porażce ma utrudnienie w testach Siły i zadaje o 1d8 mniej obrażeń.",""
"Promień Mrozu","Sztuczka","Akcja","Natychmiastowy","Wywoływanie","18 m","W, S","Zaklinacz, Mag","","Łotr (Arcane Trickster), Druid (Sea), Bard (Lore), Wojownik (Eldritch Knight), Mag (Evoker), Kleryk (Arcana)","Lodowaty promień błękitno-białego światła pędzi w stronę istoty. Wykonaj dystansowy atak czarem. Przy trafieniu cel otrzymuje 1d8 obrażeń od zimna, a jego prędkość zostaje zmniejszona o 3 m.","Ulepszenie sztuczki. Obrażenia wzrastają o 1d8 na 5., 11. i 17. poziomie."
"Promień Choroby","1.","Akcja","Natychmiastowy","Nekromancja","18 m","W, S","Zaklinacz, Mag","","Artymag (Alchemist), Łotr (Arcane Trickster), Bard (Lore), Kleryk (Death), Wojownik (Eldritch Knight), Zaklinacz (Lunar)","Wystrzeliwujesz zielonkawy promień. Wykonaj dystansowy atak czarem. Przy trafieniu cel otrzymuje 2d8 obrażeń od trucizny i jest zatruty do końca twojej następnej tury.","Użycie komórki czaru wyższego poziomu. Obrażenia wzrastają o 1d8 za każdy poziom powyżej 1."
"Regeneracja","7.","1 min.","1 godzina","Przemiana","Dotyk","W, S, M (koło modlitewne)","Bard, Kleryk, Druid","","Zaklinacz (Divine Soul)","Dotknięta istota odzyskuje 4d8 + 15 PŻ. Przez czas trwania czaru odzyskuje 1 PŻ na początku każdej tury, a odcięte części ciała odrastają po 2 minutach.",""
"Reinkarnacja","5.","1 godz.","Natychmiastowy","Nekromancja","Dotyk","W, S, M (rzadkie oleje o wartości 1,000 SZ, które zaklęcie zużywa)","Druid","","","Dotykasz martwego humanoida. Jeśli nie żyje nie dłużej niż 10 dni, czar tworzy dla niego nowe ciało innej rasy (losowanej k10) i sprowadza duszę.",""
"Usunięcie Klątwy","3.","Akcja","Natychmiastowy","Odrzucanie","Dotyk","W, S","Kleryk, Paladyn, Czarownik, Mag","","Łotr (Arcane Trickster), Bard (Lore), Zaklinacz (Divine Soul), Wojownik (Eldritch Knight), Mag (Abjurer), Kleryk (Trickery)","Kończysz wszystkie klątwy działające na istotę lub przedmiot. W przypadku przeklętego przedmiotu magicznego, czar przerywa dostrojenie właściciela.",""
"Odporność","Sztuczka","Akcja","Koncentracja, do 1 minuty","Odrzucanie","Dotyk","W, S","Kleryk, Druid","","Bard (Lore), Zaklinacz (Divine Soul), Kleryk (Nature)","Dotykasz chętnej istoty i wybierasz typ obrażeń. Gdy cel otrzyma te obrażenia, zmniejsza je o 1d4.",""
"Zmartwychwstanie","7.","1 godz.","Natychmiastowy","Nekromancja","Dotyk","W, S, M (diament o wartości 1,000 SZ, który zaklęcie zużywa)","Bard, Kleryk","","Zaklinacz (Divine Soul)","Przywracasz do życia istotę, która nie żyje nie dłużej niż wiek. Cel wraca z pełnymi PŻ. Przez pewien czas ma karę -4 do wszystkich testów k20.",""
"Odwrócenie Grawitacji","7.","Akcja","Koncentracja, do 1 minuty","Przemiana","30 m","W, S, M (magnes i opiłki żelaza)","Druid, Zaklinacz, Mag","","Kleryk (Arcana)","Odwracasz grawitację w cylindrze o promieniu 15 m i wysokości 30 m. Wszystkie niezakotwiczone istoty i przedmioty spadają w górę.",""
"Ożywienie","3.","Akcja","Natychmiastowy","Nekromancja","Dotyk","W, S, M (diament o wartości 300 SZ, który zaklęcie zużywa)","Kleryk, Druid, Paladyn, Łowca","","Czarownik (Celestial), Bard (Lore), Zaklinacz (Divine Soul), Kleryk (Grave), Kleryk (Life)","Dotykasz istoty, która zmarła w ciągu ostatniej minuty. Cel ożywa z 1 PŻ.",""
"Sztuczka z Liną","2.","Akcja","1 godzina","Przemiana","Dotyk","W, S, M (kawałek liny)","Mag","","Łotr (Arcane Trickster), Bard (Lore), Wojownik (Eldritch Knight), Łowca (Gloom Stalker)","Dotykasz liny. Jeden jej koniec unosi się w górę, otwierając portal do półplanu, który może pomieścić do ośmiu istot.",""
"Święty Płomień","Sztuczka","Akcja","Natychmiastowy","Wywoływanie","18 m","W, S","Kleryk","","Czarownik (Celestial), Bard (Lore), Zaklinacz (Divine Soul)","Płomienny blask zstępuje na istotę. Cel musi wykonać rzut na Zręczność lub otrzymać 1d8 obrażeń od jasności. Cel nie zyskuje korzyści z osłony.","Ulepszenie sztuczki. Obrażenia wzrastają o 1d8 na 5., 11. i 17. poziomie."
"Sanktuarium","1.","Dodatkowa","1 minuta","Odrzucanie","9 m","W, S, M (odłamek szkła z lustra)","Kleryk","","Bard (Lore), Zaklinacz (Divine Soul), Paladyn (Devotion), Paladyn (Redemption), Kleryk (Peace), Czarownik (Genie)","Chronisz istotę. Każdy, kto próbuje ją zaatakować, musi wykonać rzut na Mądrość lub wybrać inny cel. Czar kończy się, jeśli chroniona istota zaatakuje lub rzuci czar zadający obrażenia.",""
"Rozproszenie","6.","Akcja","Natychmiastowy","Przywoływanie","9 m","W","Zaklinacz, Czarownik, Mag","","Kleryk (Arcana)","Teleportujesz do pięciu wybranych istot w wolne miejsca w promieniu 36 m od ciebie. Niechętny cel wykonuje rzut na Mądrość.",""
"Palący Promień","2.","Akcja","Natychmiastowy","Wywoływanie","36 m","W, S","Zaklinacz, Mag","","Łotr (Arcane Trickster), Artymag (Artillerist), Druid (Wildfire), Bard (Lore), Wojownik (Eldritch Knight), Mag (Evoker), Czarownik (Fiend), Kleryk (Light), Czarownik (Genie)","Wystrzeliwujesz trzy ogniste promienie. Wykonaj dystansowy atak czarem dla każdego promienia. Każdy trafiony promień zadaje 2d6 obrażeń od ognia.","Użycie komórki czaru wyższego poziomu. Wystrzeliwujesz jeden dodatkowy promień za każdy poziom powyżej 2."
"Wieszczenie","5.","10 min.","Koncentracja, do 10 minut","Wróżenie","Własny","W, S, M (skupienie o wartości 1,000 SZ, np. kryształowa kula)","Bard, Kleryk, Druid, Czarownik, Mag","","Zaklinacz (Divine Soul), Mag (Diviner), Kleryk (Knowledge), Kleryk (Light), Paladyn (Vengeance), Paladyn (Watchers)","Możesz widzieć i słyszeć wybraną istotę na tym samym planie. Cel wykonuje rzut na Mądrość (z modyfikatorami zależnymi od tego, jak dobrze go znasz). Przy porażce tworzysz niewidzialny czujnik przy celu.",""
"Piekielne Porażenie","1.","Dodatkowa","1 minuta","Wywoływanie","Własny","W","Paladyn","","Kleryk (Forge)","Przy trafieniu atakiem cel otrzymuje dodatkowe 1d6 obrażeń od ognia i podpala się. Na początku każdej tury otrzymuje 1d6 obrażeń, chyba że zda rzut na Kondycję.","Użycie komórki czaru wyższego poziomu. Wszystkie obrażenia wzrastają o 1d6 za każdy poziom powyżej 1."
"Widzenie Niewidzialnego","2.","Akcja","1 godzina","Wróżenie","Własny","W, S, M (szczypta talku)","Bard, Zaklinacz, Mag","","Łotr (Arcane Trickster), Bard (Lore), Mag (Diviner), Wojownik (Eldritch Knight), Kleryk (Light), Paladyn (Watchers), Kleryk (Twilight)","Przez czas trwania czaru widzisz niewidzialne istoty i przedmioty, a także zaglądasz na Plan Eteryczny.",""
"Pozór","5.","Akcja","8 godzin","Iluzja","9 m","W, S","Bard, Zaklinacz, Mag","","Czarownik (Archfey), Łowca (Gloom Stalker), Mag (Illusionist), Czarownik (Genie)","Nadajesz iluzoryczny wygląd wybranym istotą w zasięgu. Możesz zmienić ich wzrost, wagę i ekwipunek. Niechętny cel wykonuje rzut na Charyzmę.",""
"Przesłanie","3.","Akcja","Natychmiastowy","Wróżenie","Nieograniczony","W, S, M (miedziany drut)","Bard, Kleryk, Mag","","Zaklinacz (Aberrant), Łotr (Arcane Trickster), Bard (Lore), Zaklinacz (Divine Soul), Mag (Diviner), Wojownik (Eldritch Knight), Kleryk (Peace), Czarownik (Great Old One)","Wysyłasz krótką wiadomość (do 25 słów) do znanej ci istoty. Cel słyszy ją w umyśle i może natychmiast odpowiedzieć. Działa między planami (5% szans na niepowodzenie).",""
"Sekwestracja","7.","Akcja","Do rozproszenia","Przemiana","Dotyk","W, S, M (pył z klejnotów o wartości 5,000 SZ, który zaklęcie zużywa)","Mag","","Kleryk (Arcana)","Magicznie ukrywasz przedmiot lub chętną istotę. Cel staje się niewidzialny i niewykrywalny dla magii. Istota zapada w stan zawieszenia (nie starzeje się, nie potrzebuje jedzenia).",""
"Cieniste Ostrze","2.","Dodatkowa","Koncentracja, do 1 minuty","Iluzja","Własny","W, S","","Zaklinacz, Czarownik, Mag","Łotr (Arcane Trickster), Bard (Lore), Wojownik (Eldritch Knight), Mag (Illusionist)","Tworzysz w dłoni miecz z zestalonego mroku. Zadaje 2d8 obrażeń psychicznych i ma właściwości: finesse, light, thrown (6/18 m). Masz ułatwienie w atakach w słabym świetle lub ciemności.","Użycie komórki czaru wyższego poziomu. Obrażenia wzrastają do 3d8 (poziom 3-4), 4d8 (poziom 5-6) lub 5d8 (poziom 7+)."
"Cień Moil","4.","Akcja","Koncentracja, do 1 minuty","Nekromancja","Własny","W, S, M (oko nieumarłego w klejnocie o wartości 150 SZ)","","Czarownik","","Płomienne cienie otaczają twoje ciało, sprawiając, że jesteś silnie przesłonięty. Masz odporność na obrażenia od jasności. Każdy, kto trafi cię atakiem w promieniu 3 m, otrzymuje 2d8 obrażeń nekrotycznych.",""
"Kształtowanie Wody","Sztuczka","Akcja","Natychmiastowy lub 1 godzina","Przemiana","9 m","S","","Druid, Zaklinacz, Mag","Łotr (Arcane Trickster), Druid (Land), Bard (Lore), Wojownik (Eldritch Knight), Kleryk (Nature), Kleryk (Arcana)","Wybierasz obszar wody w 1,5-metrowym sześcianie. Możesz ją przemieścić o 1,5 m, nadać jej kształty, zmienić kolor lub zamrozić na 1 godzinę.",""
"Zmiana Kształtu","9.","Akcja","Koncentracja, do 1 godziny","Przemiana","Własny","W, S, M (jadeitowy diadem o wartości 1,500 SZ)","Druid, Mag","","Kleryk (Arcana)","Przemieniasz się w inną istotę o PW nie wyższym niż twój poziom. Zachowujesz swoją osobowość, inteligencję i zdolność rzucania czarów (jeśli nowa forma na to pozwala). Zyskujesz tymczasowe PŻ nowej formy.",""
"Gruzotrzask","2.","Akcja","Natychmiastowy","Wywoływanie","18 m","W, S, M (odłamek miki)","Bard, Zaklinacz, Mag","","Artymag (Armorer), Artymag (Artillerist), Łotr (Arcane Trickster), Druid (Sea), Bard (Lore), Wojownik (Eldritch Knight), Mag (Evoker), Kleryk (Tempest)","Głośny hałas wybucha w wybranym punkcie. Każda istota w sferze o promieniu 3 m wykonuje rzut na Kondycję, otrzymując 3d8 obrażeń od grzmotu. Konstrukty mają utrudnienie w rzucie.","Użycie komórki czaru wyższego poziomu. Obrażenia wzrastają o 1d8 za każdy poziom powyżej 2."
"Tarcza","1.","Reakcja","1 runda","Odrzucanie","Własny","W, S","Zaklinacz, Mag","","Łotr (Arcane Trickster), Artymag (Artillerist), Artymag (Battle Smith), Bard (Lore), Wojownik (Eldritch Knight), Zaklinacz (Lunar), Czarownik (Hexblade), Mag (Abjurer)","Niewidzialna bariera magicznej siły chroni cię. Do początku twojej następnej tury masz +5 do KP i nie otrzymujesz obrażeń od Magicznego Pocisku.",""
"Tarcza Wiary","1.","Dodatkowa","Koncentracja, do 10 minut","Odrzucanie","18 m","W, S, M (zój modlitewny)","Kleryk, Paladyn","","Bard (Lore), Zaklinacz (Divine Soul), Paladyn (Devotion), Kleryk (War)","Migoczące pole otacza wybraną istotę, dając jej +2 do KP na czas trwania czaru.",""
"Shillelagh","Sztuczka","Dodatkowa","1 minuta","Przemiana","Własny","W, S, M (jemioła)","Druid","","Bard (Lore), Kleryk (Nature)","Pałka lub kostur, który trzymasz, zostaje nasycony mocą natury. Możesz używać swojej cechy czarującej zamiast Siły do ataków i obrażeń, a kość obrażeń staje się k8.","Ulepszenie sztuczki. Kość obrażeń zmienia się na k10 (5. poziom), k12 (11. poziom) i 2k6 (17. poziom)."
"Lśniące Porażenie","2.","Dodatkowa","Koncentracja, do 1 minuty","Przemiana","Własny","W","Paladyn","","Artymag (Battle Smith), Czarownik (Hexblade)","Cel trafiony atakiem otrzymuje dodatkowe 2d6 obrażeń od jasności. Do końca czaru cel emituje jasne światło w promieniu 1,5 m, a ataki przeciwko niemu mają ułatwienie.","Użycie komórki czaru wyższego poziomu. Obrażenia wzrastają o 1d6 za każdy poziom powyżej 2."
"Porażający Uścisk","Sztuczka","Akcja","Natychmiastowy","Wywoływanie","Dotyk","W, S","Zaklinacz, Mag","","Łotr (Arcane Trickster), Druid (Land), Bard (Lore), Wojownik (Eldritch Knight), Mag (Evoker), Kleryk (Arcana)","Błyskawica przeskakuje z ciebie na istotę, której dotykasz. Wykonaj atak wręcz czarem. Przy trafieniu cel otrzymuje 1d8 obrażeń od błyskawic i nie może wykonywać ataków okazyjnych do początku swojej następnej tury.","Ulepszenie sztuczki. Obrażenia wzrastają o 1d8 na 5., 11. i 17. poziomie."
"Chorobliwy Blask","4.","Akcja","Koncentracja, do 10 minut","Wywoływanie","36 m","W, S","Zaklinacz, Czarownik, Mag","","Łotr (Arcane Trickster), Wojownik (Eldritch Knight), Mag (Evoker)","Słabe, zielonkawe światło rozchodzi się w sferze o promieniu 9 m. Każda istota tam musi wykonać rzut na Kondycję lub otrzymać 4d10 obrażeń od jasności i poziom wyczerpania.",""
"Cisza","2.","Akcja","Koncentracja, do 10 minut","Iluzja (rytuał)","36 m","W, S","Bard, Kleryk, Łowca","","Druid (Land), Bard (Lore), Zaklinacz (Divine Soul), Czarownik (Fathomless), Czarownik (Undying), Mnich (Shadow)","W sferze o promieniu 6 m nie powstaje ani nie przenika żaden dźwięk. Istoty tam są głuche i odporne na obrażenia od grzmotu. Rzucanie czarów z komponentem werbalnym jest niemożliwe.",""
"Cichy Obraz","1.","Akcja","Koncentracja, do 10 minut","Iluzja","18 m","W, S, M (kawałek wełny)","Bard, Zaklinacz, Mag","","Łotr (Arcane Trickster), Bard (Lore), Wojownik (Eldritch Knight), Mag (Illusionist)","Tworzysz obraz przedmiotu lub istoty (do 4,5-metrowego sześcianu). Obraz jest czysto wizualny. Możesz go przesuwać akcją.",""
"Symulakrum","7.","12 godz.","Do rozproszenia","Iluzja","Dotyk","W, S, M (sproszkowany rubin o wartości 1,500 SZ, który zaklęcie zużywa)","Mag","","Mag (Illusionist), Kleryk (Arcana)","Tworzysz iluzoryczną kopię bestii lub humanoida. Kopia jest konstruktem o połowie PŻ oryginału. Słucha twoich rozkazów, ale nie może awansować ani odzyskiwać komórek czarów.",""
"Wzmocnienie Umiejętności","5.","Akcja","Koncentracja, do 1 godziny","Przemiana","Dotyk","W, S","Bard, Zaklinacz, Mag","","Artymag","Dajesz chętnej istocie biegłość (expertise) w jednej wybranej umiejętności, w której jest już biegła.",""
"Pisanie na Niebie","2.","Akcja","Koncentracja, do 1 godziny","Przemiana (rytuał)","Wzrok","W, S","Bard, Druid, Mag","","Łotr (Arcane Trickster), Bard (Lore), Wojownik (Eldritch Knight)","Tworzysz do dziesięciu słów z chmur na niebie. Słowa pozostają widoczne do końca czaru, chyba że zostaną rozproszone przez silny wiatr.",""
"Uśpienie","1.","Akcja","Koncentracja, do 1 minuty","Zauroczenie","18 m","W, S, M (szczypta piasku)","Bard, Zaklinacz, Mag","","Łotr (Arcane Trickster), Czarownik (Archfey), Druid (Land), Bard (Lore), Wojownik (Eldritch Knight), Paladyn (Redemption), Kleryk (Twilight)","Każda wybrana istota w sferze o promieniu 1,5 m musi wykonać rzut na Mądrość. Przy porażce staje się obezwładniona, a po kolejnej porażce zapada w nieprzytomność.",""
"Burza z Gradem","3.","Akcja","Koncentracja, do 1 minuty","Przywoływanie","45 m","W, S, M (miniaturowy parasol)","Druid, Zaklinacz, Mag","","Łotr (Arcane Trickster), Druid (Land), Bard (Lore), Wojownik (Eldritch Knight), Kleryk (Tempest), Czarownik (Fathomless), Czarownik (Genie)","Grad pada w cylindrze o promieniu 6 m i wysokości 12 m. Obszar jest silnie przesłonięty i stanowi trudny teren. Istoty tam muszą wykonać rzut na Zręczność lub przewrócić się.",""
"Spowolnienie","3.","Akcja","Koncentracja, do 1 minuty","Przemiana","36 m","W, S, M (kropla melasy)","Bard, Zaklinacz, Mag","","Łotr (Arcane Trickster), Druid (Land), Bard (Lore), Wojownik (Eldritch Knight), Kleryk (Order)","Zmieniasz czas wokół maksymalnie sześciu istot w 12-metrowym sześcianie. Cele mają połowę prędkości, -2 do KP i rzutów na Zręczność oraz nie mogą wykonywać reakcji.",""
"Sidła","1.","1 min.","8 godzin","Odrzucanie","Dotyk","S, M (7,5 m liny, którą zaklęcie zużywa)","Druid, Łowca, Mag","","Mag (Abjurer), Łotr (Arcane Trickster), Bard (Lore), Wojownik (Eldritch Knight)","Tworzysz magiczną pułapkę z liny w promieniu 1,5 m. Istota, która tam wejdzie, musi wykonać rzut na Zręczność lub zostać wciągnięta w górę i unieruchomiona głową w dół.",""
"Śnieżna Nawałnica Snilloca","2.","Akcja","Natychmiastowy","Wywoływanie","27 m","W, S, M (kawałek lodu)","Zaklinacz, Mag","","Łotr (Arcane Trickster), Bard (Lore), Wojownik (Eldritch Knight), Mag (Evoker)","Chmura magicznych śnieżek wybucha w wybranym punkcie. Każda istota w sferze o promieniu 1,5 m musi wykonać rzut na Zręczność, otrzymując 3d6 obrażeń od zimna przy porażce.","Użycie komórki czaru wyższego poziomu. Obrażenia wzrastają o 1d6 za każdy poziom powyżej 2."
"Czarodziejski Wybuch","Sztuczka","Akcja","Natychmiastowy","Wywoływanie","36 m","W, S","Zaklinacz","","","Wystrzeliwujesz czarodziejską energię w istotę lub przedmiot. Wykonaj dystansowy atak czarem. Przy trafieniu cel otrzymuje 1d8 obrażeń wybranego typu: kwas, zimno, ogień, błyskawice, trucizna, psychiczne lub grzmot. Jeśli wyrzucisz 8, rzuć dodatkową k8.","Ulepszenie sztuczki. Obrażenia wzrastają o 1d8 na 5., 11. i 17. poziomie."
"Klatka Duszy","6.","Reakcja","8 godzin","Nekromancja","18 m","W, S, M (mała srebrna klatka o wartości 100 SZ)","Czarownik, Mag","","Kleryk (Arcana)","Chwytasz duszę humanoida w chwili jego śmierci i więzisz ją w klatce. Możesz wykorzystać duszę do sześciu razy, by: odzyskać 2d8 PŻ, zadać pytanie duszy, zyskać ułatwienie w rzucie lub stworzyć czujnik wizualny.",""
"Oszczędzenie Konających","Sztuczka","Akcja","Natychmiastowy","Nekromancja","4,5 m","W, S","Kleryk, Druid","","Bard (Lore), Zaklinacz (Divine Soul), Kleryk (Grave), Kleryk (Nature)","Dotykasz istoty, która ma 0 Punktów Życia i nie jest martwa. Istota staje się stabilna.","Ulepszenie sztuczki. Zasięg podwaja się na 5. (9 m), 11. (18 m) i 17. poziomie (36 m)."
"Rozmowa ze Zwierzętami","1.","Akcja","10 minut","Wróżenie (rytuał)","Własny","W, S","Bard, Druid, Łowca, Czarownik","","Bard (Lore), Kleryk (Nature), Paladyn (Ancients), Barbarian (Wild Heart)","Przez czas trwania czaru możesz rozumieć i komunikować się werbalnie z bestiami. Możesz używać akcji Wpływ wobec nich. Większość bestii ma niewiele do powiedzenia poza survivalem.",""
"Rozmowa ze Zmarłymi","3.","Akcja","10 minut","Nekromancja","3 m","W, S, M (palące się kadzidło)","Bard, Kleryk, Mag","","Łotr (Arcane Trickster), Bard (Lore), Zaklinacz (Divine Soul), Wojownik (Eldritch Knight), Czarownik (Undead)","Nadajesz pozory życia zwłokom, pozwalając im odpowiadać na pytania. Możesz zadać do pięciu pytań. Zwłoki znają tylko to, co wiedziały za życia. Nie mogą uczyć się nowych rzeczy.",""
"Rozmowa z Roślinami","3.","Akcja","10 minut","Przemiana","Własny","W, S","Bard, Druid, Łowca","","Bard (Lore)","Nasycasz rośliny w 9-metrowej emanacji ograniczoną świadomością. Możesz je pytać o wydarzenia z ostatniego dnia lub nakazać im zmienić trudny teren w normalny (i odwrotnie).",""
"Pajęcze Wspinanie","2.","Akcja","Koncentracja, do 1 godziny","Przemiana","Dotyk","W, S, M (kropla bitumu i pająk)","Zaklinacz, Czarownik, Mag","","Łotr (Arcane Trickster), Bard (Lore), Wojownik (Eldritch Knight)","Dotknięta chętna istota zyskuje zdolność poruszania się po pionowych powierzchniach i sufitach, mając wolne ręce. Zyskuje prędkość wspinania równą swojej prędkości.","Użycie komórki czaru wyższego poziomu. Możesz wybrać jedną dodatkową istotę za każdy poziom powyżej 2."
"Kolczasty Wzrost","2.","Akcja","Koncentracja, do 10 minut","Przemiana","45 m","W, S, M (siedem cierni)","Druid, Łowca","","Bard (Lore), Kleryk (Nature), Czarownik (Genie)","Ziemia w sferze o promieniu 6 m wypuszcza twarde kolce. Obszar staje się trudnym terenem. Istota otrzymuje 2d4 obrażeń kłutych za każde 1,5 m ruchu w tym obszarze.",""
"Duchowi Strażnicy","3.","Akcja","Koncentracja, do 10 minut","Przywoływanie","Własny","W, S, M (zój modlitewny)","Kleryk","","Bard (Lore), Zaklinacz (Divine Soul), Kleryk (War)","Opiekuńcze duchy krążą wokół ciebie w 4,5-metrowej emanacji. Prędkość wrogów w obszarze jest zmniejszona o połowę. Istota musi wykonać rzut na Mądrość, otrzymując 3d8 obrażeń od jasności (dobry/neutralny) lub nekrotycznych (zły).","Użycie komórki czaru wyższego poziomu. Obrażenia wzrastają o 1d8 za każdy poziom powyżej 3."
"Całun Duchów","3.","Dodatkowa","Koncentracja, do 1 minuty","Nekromancja","Własny","W, S","","Kleryk, Paladyn, Czarownik, Mag","Łotr (Arcane Trickster), Bard (Lore), Zaklinacz (Divine Soul), Wojownik (Eldritch Knight)","Przywołujesz duchy zmarłych, które krążą wokół ciebie. Ataki zadają dodatkowe 1d8 obrażeń (jasność, nekrotyczne lub zimno) istotom w promieniu 3 m. Trafiona istota nie może odzyskiwać PŻ.","Użycie komórki czaru wyższego poziomu. Obrażenia wzrastają o 1d8 za każde dwa poziomy powyżej 3."
"Duchowa Broń","2.","Dodatkowa","Koncentracja, do 1 minuty","Wywoływanie","18 m","W, S","Kleryk","","Bard (Lore), Zaklinacz (Divine Soul), Kleryk (War)","Tworzysz unoszącą się, widmową broń. Wykonaj atak wręcz czarem (1d8 + modyfikator obrażeń od mocy). Możesz ją przesuwać o 6 m i atakować ponownie akcją dodatkową.","Użycie komórki czaru wyższego poziomu. Obrażenia wzrastają o 1d8 za każdy poziom powyżej 2."
"Oszałamiające Porażenie","4.","Dodatkowa","Natychmiastowy","Zauroczenie","Własny","W","Paladyn","","Czarownik (Hexblade)","Cel otrzymuje dodatkowe 4d6 obrażeń psychicznych od ataku i musi wykonać rzut na Mądrość lub zostać ogłuszonym do końca twojej następnej tury.","Użycie komórki czaru wyższego poziomu. Obrażenia wzrastają o 1d6 za każdy poziom powyżej 4."
"Gwiezdny Ognik","Sztuczka","Akcja","Natychmiastowy","Wywoływanie","18 m","W, S","Bard, Druid","","Bard (Lore), Kleryk (Nature)","Wystrzeliwujesz drobinę światła w istotę. Wykonaj dystansowy atak czarem. Przy trafieniu cel otrzymuje 1d8 obrażeń od jasności i emituje słabe światło w promieniu 3 m, tracąc korzyści z niewidzialności.","Ulepszenie sztuczki. Obrażenia wzrastają o 1d8 na 5., 11. i 17. poziomie."
"Uderzenie Stalowego Wichru","5.","Akcja","Natychmiastowy","Przywoływanie","9 m","S, M (broń biała o wartości 1+ SM)","Łowca, Mag","","Kleryk (War)","Wymachujesz bronią i znikać, by uderzyć jak wicher. Wybierz do pięciu istot. Wykonaj atak wręcz czarem przeciwko każdej (6d10 obrażeń od mocy). Teleportujesz się do jednej z nich.",""
"Cuchnąca Chmura","3.","Akcja","Koncentracja, do 1 minuty","Przywoływanie","27 m","W, S, M (zgniłe jajko)","Bard, Zaklinacz, Mag","","Łotr (Arcane Trickster), Druid (Land), Bard (Lore), Wojownik (Eldritch Knight), Czarownik (Fiend)","Tworzysz sferę o promieniu 6 m wypełnioną żółtym, mdłym gazem. Obszar jest silnie przesłonięty. Istota musi wykonać rzut na Kondycję lub zostać zatrutą i stracić akcję.",""
"Kształtowanie Kamienia","4.","Akcja","Natychmiastowy","Przemiana","Dotyk","W, S, M (miękka glina)","Kleryk, Druid, Mag","","Łotr (Arcane Trickster), Druid (Land), Zaklinacz (Divine Soul), Wojownik (Eldritch Knight), Czarownik (Genie)","Dotykasz kamiennego przedmiotu lub sekcji kamienia (do 1,5 m w dowolnym wymiarze) i nadajesz mu dowolny kształt. Możesz stworzyć przejście, broń lub posąg.",""
"Kamienna Skóra","4.","Akcja","Koncentracja, do 1 godziny","Przemiana","Dotyk","W, S, M (pył diamentowy o wartości 100+ SZ, który zaklęcie zużywa)","Druid, Łowca, Zaklinacz, Mag","","Łotr (Arcane Trickster), Druid (Land), Wojownik (Eldritch Knight), Paladyn (Conquest), Paladyn (Redemption), Paladyn (Ancients)","Dotknięta chętna istota zyskuje odporność na obrażenia obuchowe, kłute i cięte.",""
"Burzowa Sfera","4.","Akcja","Koncentracja, do 1 minuty","Wywoływanie","45 m","W, S","","Zaklinacz, Mag","Łotr (Arcane Trickster), Wojownik (Eldritch Knight), Mag (Evoker)","Tworzysz sferę o promieniu 6 m wirującego powietrza. Istota musi wykonać rzut na Siłę lub otrzymać 2d6 obrażeń obuchowych. Możesz wystrzelić błyskawicę (4d6) akcją dodatkową.","Użycie komórki czaru wyższego poziomu. Obrażenia wzrastają o 1d6 za każdy poziom powyżej 4."
"Burza Zemsty","9.","Akcja","Koncentracja, do 1 minuty","Przywoływanie","1,6 km","W, S","Druid","","","Tworzysz burzową chmurę o promieniu 90 m. Co turę burza wywołuje inne efekty: grzmot (ogłuszenie), kwasowy deszcz (4d6), błyskawice (10d6), grad (2d6) i mroźny deszcz (1d6).",""
"Sugestia","2.","Akcja","Koncentracja, do 8 godzin","Zauroczenie","9 m","W, M (kropla miodu)","Bard, Zaklinacz, Czarownik, Mag","","Łotr (Arcane Trickster), Bard (Lore), Wojownik (Eldritch Knight), Czarownik (Fiend), Kleryk (Knowledge)","Sugerujesz kurs działania (do 25 słów) istocie, która cię rozumie. Cel musi wykonać rzut na Mądrość lub zostać zauroczonym i dążyć do wykonania sugestii.",""
"Przywołanie Aberracji","4.","Akcja","Koncentracja, do 1 godziny","Przywoływanie","27 m","W, S, M (oko w fiolce o wartości 400+ SZ)","Czarownik, Mag","","Zaklinacz (Aberrant), Łotr (Arcane Trickster), Wojownik (Eldritch Knight), Czarownik (Great Old One)","Przywołujesz ducha aberracji (Beholderkin, Mind Flayer lub Slaad). Duch jest sojusznikiem i działa natychmiast po twojej turze.","Użycie komórki czaru wyższego poziomu. Statystyki ducha zależą od poziomu komórki."
"Przywołanie Bestii","2.","Akcja","Koncentracja, do 1 godziny","Przywoływanie","27 m","W, S, M (pozłacany żołądź o wartości 200+ SZ)","Druid, Łowca","","Bard (Lore), Mag (Illusionist)","Przywołujesz ducha bestii (Powietrzna, Lądowa lub Wodna). Duch jest sojusznikiem i działa natychmiast po twojej turze.","Użycie komórki czaru wyższego poziomu. Statystyki ducha zależą od poziomu komórki."
"Przywołanie Niebiańskiego","5.","Akcja","Koncentracja, do 1 godziny","Przywoływanie","27 m","W, S, M (relikwiarz o wartości 500+ SZ)","Kleryk, Paladyn","","Czarownik (Celestial), Zaklinacz (Divine Soul)","Przywołujesz ducha niebiańskiego (Mściciel lub Obrońca). Duch jest sojusznikiem i działa natychmiast po twojej turze.","Użycie komórki czaru wyższego poziomu. Statystyki ducha zależą od poziomu komórki."
"Przywołanie Konstruktu","4.","Akcja","Koncentracja, do 1 godziny","Przywoływanie","27 m","W, S, M (szkatułka o wartości 400+ SZ)","Mag","","Łotr (Arcane Trickster), Zaklinacz (Clockwork), Wojownik (Eldritch Knight)","Przywołujesz ducha konstruktu (Gliniany, Metalowy lub Kamienny). Duch jest sojusznikiem i działa natychmiast po twojej turze.","Użycie komórki czaru wyższego poziomu. Statystyki ducha zależą od poziomu komórki."
"Przywołanie Smoka","5.","Akcja","Koncentracja, do 1 godziny","Przywoływanie","18 m","W, S, M (obraz smoka o wartości 500+ SZ)","Mag","","Zaklinacz (Draconic)","Przywołujesz ducha smoka. Duch jest sojusznikiem i działa natychmiast po twojej turze.","Użycie komórki czaru wyższego poziomu. Statystyki ducha zależą od poziomu komórki."
"Przywołanie Żywiołaka","4.","Akcja","Koncentracja, do 1 godziny","Przywoływanie","27 m","W, S, M (fiolka o wartości 400+ SZ)","Druid, Łowca, Mag","","Łotr (Arcane Trickster), Wojownik (Eldritch Knight)","Przywołujesz ducha żywiołaka (Powietrza, Ziemi, Ognia lub Wody). Duch jest sojusznikiem i działa natychmiast po twojej turze.","Użycie komórki czaru wyższego poziomu. Statystyki ducha zależą od poziomu komórki."
"Przywołanie Fey","3.","Akcja","Koncentracja, do 1 godziny","Przywoływanie","27 m","W, S, M (pozłacany kwiat o wartości 300+ SZ)","Druid, Łowca, Czarownik, Mag","","Łotr (Arcane Trickster), Bard (Lore), Wojownik (Eldritch Knight), Łowca (Fey Wanderer), Mag (Illusionist)","Przywołujesz ducha fey (Wściekły, Wesoły lub Psotny). Duch jest sojusznikiem i działa natychmiast po twojej turze.","Użycie komórki czaru wyższego poziomu. Statystyki ducha zależą od poziomu komórki."
"Przywołanie Biesa","6.","Akcja","Koncentracja, do 1 godziny","Przywoływanie","27 m","W, S, M (krwawa fiolka o wartości 600+ SZ)","Czarownik, Mag","","Kleryk (Arcana)","Przywołujesz ducha biesa (Demon, Diabeł lub Yugoloth). Duch jest sojusznikiem i działa natychmiast po twojej turze.","Użycie komórki czaru wyższego poziomu. Statystyki ducha zależą od poziomu komórki."
"Przywołanie Wyższego Demona","4.","Akcja","Koncentracja, do 1 godziny","Przywoływanie","18 m","W, S, M (fiolka krwi humanoida)","Czarownik, Mag","","Łotr (Arcane Trickster), Wojownik (Eldritch Knight)","Przywołujesz demona o PW 5 lub niższym. Demon jest wrogi, ale możesz mu wydawać rozkazy. Co turę wykonuje rzut na Charyzmę, by wyrwać się spod kontroli.","Użycie komórki czaru wyższego poziomu. PW demona wzrasta o 1 za każdy poziom powyżej 4."
"Przywołanie Mniejszych Demonów","3.","Akcja","Koncentracja, do 1 godziny","Przywoływanie","18 m","W, S, M (fiolka krwi humanoida)","Czarownik, Mag","","Łotr (Arcane Trickster), Bard (Lore), Wojownik (Eldritch Knight)","Przywołujesz grupę demonów (liczba zależy od PW). Demony są wrogie wszystkim istotom i atakują najbliższe cele.","Użycie komórki czaru wyższego poziomu. Liczba demonów wzrasta przy użyciu komórki 6. poziomu lub wyższej."
"Przywołanie Cienia","3.","Akcja","Koncentracja, do 1 godziny","Przywoływanie","27 m","W, S, M (łzy w klejnocie o wartości 300+ SZ)","Czarownik, Mag","","Łotr (Arcane Trickster), Bard (Lore), Wojownik (Eldritch Knight)","Przywołujesz mrocznego ducha (Furia, Rozpacz lub Strach). Duch jest sojusznikiem i działa natychmiast po twojej turze.","Użycie komórki czaru wyższego poziomu. Statystyki ducha zależą od poziomu komórki."
"Przywołanie Nieumarłego","3.","Akcja","Koncentracja, do 1 godziny","Nekromancja","27 m","W, S, M (pozłacana czaszka o wartości 300+ SZ)","Czarownik, Mag","","Łotr (Arcane Trickster), Bard (Lore), Wojownik (Eldritch Knight)","Przywołujesz ducha nieumarłego (Duchowy, Gnilny lub Szkieletowy). Duch jest sojusznikiem i działa natychmiast po twojej turze.","Użycie komórki czaru wyższego poziomu. Statystyki ducha zależą od poziomu komórki."
"Promień Słońca","6.","Akcja","Koncentracja, do 1 minuty","Wywoływanie","Własny","W, S, M (szkło powiększające)","Kleryk, Druid, Zaklinacz, Mag","","Mag (Evoker), Kleryk (Arcana), Zaklinacz (Divine Soul)","Wystrzeliwujesz promień słońca w linii o długości 18 m i szerokości 1,5 m. Każda istota tam musi wykonać rzut na Kondycję, otrzymując 6d8 obrażeń od jasności i zostając oślepioną. Możesz powtarzać akcję co turę.",""
"Wybuch Słońca","8.","Akcja","Natychmiastowy","Wywoływanie","45 m","W, S, M (kawałek kamienia słonecznego)","Kleryk, Druid, Zaklinacz, Mag","","Mag (Evoker), Kleryk (Arcana), Zaklinacz (Divine Soul)","Błysk słońca eksploduje w sferze o promieniu 18 m. Każda istota tam musi wykonać rzut na Kondycję, otrzymując 12d6 obrażeń od jasności i zostając oślepioną na 1 minutę.",""
"Szybki Kołczan","5.","Dodatkowa","Koncentracja, do 1 minuty","Przemiana","Własny","W, S, M (kołczan o wartości 1+ SZ)","Łowca","","","Twój kołczan staje się magiczny. Możesz wykonać dwa ataki bronią dystansową akcją dodatkową w każdej turze. Czar sam tworzy amunicję.",""
"Wybuch Mieczy","Sztuczka","Akcja","Natychmiastowy","Przywoływanie","Własny","W","Zaklinacz, Czarownik, Mag","","Łotr (Arcane Trickster), Bard (Lore), Wojownik (Eldritch Knight), Kleryk (Arcana)","Tworzysz krąg widmowych ostrzy wokół siebie. Każda istota w promieniu 1,5 m musi wykonać rzut na Zręczność lub otrzymać 1d6 obrażeń od mocy.","Ulepszenie sztuczki. Obrażenia wzrastają o 1d6 na 5., 11. i 17. poziomie."
"Symbol","7.","1 min.","Do rozproszenia","Odrzucanie","Dotyk","W, S, M (sproszkowany diament o wartości 1,000+ SZ, który zaklęcie zużywa)","Bard, Kleryk, Druid, Mag","","Mag (Abjurer), Kleryk (Arcana), Zaklinacz (Divine Soul)","Wypisujesz szkodliwy glif na powierzchni lub w przedmiocie. Wybierasz efekt: Śmierć, Niezgoda, Strach, Ból, Sen lub Ogłuszenie. Glif aktywuje się po spełnieniu określonego warunku.",""
"Synaptyczne Wyładowanie","5.","Akcja","Natychmiastowy","Zauroczenie","36 m","W, S","Bard, Zaklinacz, Czarownik, Mag","","Kleryk (Knowledge)","Wybuch energii psychicznej w punkcie w zasięgu. Każda istota w sferze o promieniu 6 m musi wykonać rzut na Inteligencję, otrzymując 8d6 obrażeń psychicznych. Przy porażce cel odejmuje 1d6 od ataków i testów przez 1 minutę.",""
"Bulgoczący Kocioł Tashy","6.","Akcja","10 minut","Przywoływanie","1,5 m","W, S, M (pozłacana chochla o wartości 500+ SZ)","Czarownik, Mag","","Artymag (Alchemist), Kleryk (Arcana)","Przywołujesz kocioł z bulgoczącym płynem, który duplikuje właściwości wybranej mikstury (pospolitej lub niepospolitej). Możesz wyciągnąć z niego liczbę mikstur równą twojemu modyfikatorowi cechy czarującej.",""
"Żrący Wywar Tashy","1.","Akcja","Koncentracja, do 1 minuty","Wywoływanie","Własny","W, S, M (kawałek zepsutego jedzenia)","Zaklinacz, Mag","","Łotr (Arcane Trickster), Bard (Lore), Wojownik (Eldritch Knight), Mag (Evoker)","Strumień kwasu wytryskuje z ciebie w linii o długości 9 m i szerokości 1,5 m. Każda istota tam musi wykonać rzut na Zręczność lub zostać pokrytą kwasem, otrzymując 2d4 obrażeń na początku każdej tury.","Użycie komórki czaru wyższego poziomu. Obrażenia wzrastają o 2d4 za każdy poziom powyżej 1."
"Okropny Śmiech Tashy","1.","Akcja","Koncentracja, do 1 minuty","Zauroczenie","9 m","W, S, M (ciastko i pióro)","Bard, Czarownik, Mag","","Łotr (Arcane Trickster), Bard (Lore), Wojownik (Eldritch Knight), Czarownik (Great Old One)","Wybrana istota musi wykonać rzut na Mądrość. Przy porażce pada na ziemię i zostaje obezwładniona przez niekontrolowany śmiech. Cel powtarza rzut przy otrzymaniu obrażeń i na końcu każdej tury.","Użycie komórki czaru wyższego poziomu. Możesz wybrać jedną dodatkową istotę za każdy poziom powyżej 1."
"Bicz Umysłowy Tashy","2.","Akcja","1 runda","Zauroczenie","27 m","W","Zaklinacz, Mag","","Łotr (Arcane Trickster), Bard (Lore), Wojownik (Eldritch Knight)","Uderzasz psychicznie w istotę. Cel musi wykonać rzut na Inteligencję, otrzymując 3d6 obrażeń psychicznych i tracąc reakcję. W swojej następnej turze może wykonać tylko ruch, akcję lub akcję dodatkową (tylko jedno z trzech).","Użycie komórki czaru wyższego poziomu. Możesz wybrać jedną dodatkową istotę za każdy poziom powyżej 2."
"Zaświatowa Postać Tashy","6.","Dodatkowa","Koncentracja, do 1 minuty","Przemiana","Własny","W, S, M (symbol Planów Zewnętrznych o wartości 500+ SZ)","Zaklinacz, Czarownik, Mag","","Kleryk (Arcana)","Przemieniasz się, czerpiąc moc z Planów Niższych lub Wyższych. Zyskujesz odporności, prędkość latania 12 m, +2 do KP i możesz atakować dwa razy, używając cechy czarującej do ataków bronią.",""
"Telekineza","5.","Akcja","Koncentracja, do 10 minut","Przemiana","18 m","W, S","Zaklinacz, Mag","","Zaklinacz (Aberrant), Wojownik (Psi Warrior), Czarownik (Great Old One)","Zyskujesz zdolność przesuwania istot lub przedmiotów myślą. Możesz próbować przesunąć istotę o rozmiarze do Ogromnego (rzut na Siłę) lub przedmiot o 9 m w dowolnym kierunku.",""
"Telepatia","8.","Akcja","24 godziny","Wróżenie","Nieograniczony","W, S, M (para srebrnych pierścieni)","Mag","","Mag (Diviner), Kleryk (Arcana)","Tworzysz telepatyczną więź z chętną istotą, którą znasz. Możecie natychmiast dzielić się słowami, obrazami i dźwiękami na tym samym planie egzystencji.",""
"Teleportacja","7.","Akcja","Natychmiastowy","Przywoływanie","3 m","W","Bard, Zaklinacz, Mag","","Kleryk (Arcana)","Przenosisz siebie i do ośmiu chętnych istot w wybrane miejsce na tym samym planie. Sukces zależy od tego, jak dobrze znasz cel podróży (rzut k100).",""
"Krąg Teleportacyjny","5.","1 min.","1 runda","Przywoływanie","3 m","W, M (rzadkie atramenty o wartości 50+ SZ, które zaklęcie zużywa)","Bard, Zaklinacz, Czarownik, Mag","","Łowca (Horizon Walker), Kleryk (Arcana)","Rysujesz krąg, który otwiera portal do stałego kręgu teleportacyjnego, którego sekwencję znaków znasz. Portal pozostaje otwarty do końca twojej następnej tury.",""
"Świątynia Bogów","7.","1 godz.","24 godziny","Przywoływanie","36 m","W, S, M (święty symbol o wartości 5+ SZ)","Kleryk","","Zaklinacz (Divine Soul)","Przywołujesz świątynię w formie sześcianu o boku do 36 m. Świątynia chroni przed wybranymi typami istot (niebiańscy, żywiołaki, fey, biesy lub nieumarli) i wzmacnia leczenie wewnątrz.",""
"Latający Dysk Tensera","1.","Akcja","1 godzina","Przywoływanie (rytuał)","9 m","W, S, M (kropla rtęci)","Mag","","Łotr (Arcane Trickster), Bard (Lore), Wojownik (Eldritch Knight)","Tworzysz okrągłą płaszczyznę mocy o średnicy 90 cm, która unosi się 90 cm nad ziemią. Dysk może udźwignąć do 250 kg i podąża za tobą, jeśli oddalisz się o więcej niż 6 m.",""
"Transformacja Tensera","6.","Akcja","Koncentracja, do 10 minut","Przemiana","Własny","W, S, M (kilka byczych włosów)","Mag","","Kleryk (Arcana)","Nasycasz się wytrzymałością i biegłością bojową. Zyskujesz 50 tymczasowych PŻ, ułatwienie w atakach bronią, dodatkowe 2d12 obrażeń od mocy oraz biegłość w pancerzach i broniach.",""
"Taumaturgia","Sztuczka","Akcja","1 minuta","Przemiana","9 m","W","Kleryk","","Bard (Lore), Zaklinacz (Divine Soul), Łowca (Drakewarden)","Wywołujesz drobny cud: zmieniasz wygląd oczu, wzmacniasz głos trzykrotnie, sprawiasz, że płomienie migoczą, lub tworzysz nagły dźwięk (np. grzmot).",""
"Ciernisty Bicz","Sztuczka","Akcja","Natychmiastowy","Przemiana","9 m","W, S, M (łodyga rośliny z cierniami)","Druid","","Bard (Lore), Kleryk (Nature)","Tworzysz pnącze pokryte cierniami, którym smagasz istotę. Wykonaj atak wręcz czarem. Przy trafieniu cel otrzymuje 1d6 obrażeń kłutych, a jeśli jest Duży lub mniejszy, przyciągasz go o 3 m do siebie.","Ulepszenie sztuczki. Obrażenia wzrastają o 1d6 na 5., 11. i 17. poziomie."
"Gromowładny Krok","3.","Akcja","Natychmiastowy","Przywoływanie","27 m","W","Zaklinacz, Czarownik, Mag","","Łotr (Arcane Trickster), Bard (Lore), Wojownik (Eldritch Knight)","Teleportujesz się w wolne miejsce w zasięgu. Tuż po twoim zniknięciu rozlega się huk. Każda istota w promieniu 3 m od miejsca, które opuściłeś, musi wykonać rzut na Kondycję, otrzymując 3d10 obrażeń od grzmotu.","Użycie komórki czaru wyższego poziomu. Obrażenia wzrastają o 1d10 za każdy poziom powyżej 3."
"Gromowładne Klaśnięcie","Sztuczka","Akcja","Natychmiastowy","Wywoływanie","Własny","S","Bard, Druid, Zaklinacz, Czarownik, Mag","","Łotr (Arcane Trickster), Bard (Lore), Wojownik (Eldritch Knight), Kleryk (Nature), Kleryk (Arcana)","Każda istota w 1,5-metrowej emanacji musi wykonać rzut na Kondycję lub otrzymać 1d6 obrażeń od grzmotu. Dźwięk jest słyszalny z odległości 30 m.","Ulepszenie sztuczki. Obrażenia wzrastają o 1d6 na 5., 11. i 17. poziomie."
"Gromowładne Porażenie","1.","Dodatkowa","Natychmiastowy","Wywoływanie","Własny","W","Paladyn","","","Twój atak rozbrzmiewa grzmotem słyszalnym z 90 m. Cel otrzymuje dodatkowe 2d6 obrażeń od grzmotu i musi wykonać rzut na Siłę lub zostać odepchniętym o 3 m i przewróconym.","Użycie komórki czaru wyższego poziomu. Obrażenia wzrastają o 1d6 za każdy poziom powyżej 1."
"Fala Gromu","1.","Akcja","Natychmiastowy","Wywoływanie","Własny","W, S","Bard, Druid, Zaklinacz, Mag","","Artymag (Artillerist), Łotr (Arcane Trickster), Druid (Sea), Bard (Lore), Wojownik (Eldritch Knight), Mag (Evoker), Kleryk (Tempest), Czarownik (Fathomless), Czarownik (Genie)","Uwalniasz falę energii gromu. Każda istota w 4,5-metrowym sześcianie musi wykonać rzut na Kondycję, otrzymując 2d8 obrażeń od grzmotu i zostając odepchniętą o 3 m.","Użycie komórki czaru wyższego poziomu. Obrażenia wzrastają o 1d8 za każdy poziom powyżej 1."
"Fala Przypływu","3.","Akcja","Natychmiastowy","Przywoływanie","36 m","W, S, M (kropla wody)","Druid, Zaklinacz, Mag","","Łotr (Arcane Trickster), Bard (Lore), Wojownik (Eldritch Knight)","Przywołujesz falę wody, która uderza w obszar (do 9 m długości, 3 m szerokości i 3 m wysokości). Istoty muszą wykonać rzut na Zręczność, otrzymując 4d8 obrażeń obuchowych i zostając przewróconymi.",""
"Zatrzymanie Czasu","9.","Akcja","Natychmiastowy","Przemiana","Własny","W","Zaklinacz, Mag","","Kleryk (Arcana)","Zatrzymujesz czas dla wszystkich poza sobą. Wykonujesz 1d4 + 1 tur pod rząd. Czar kończy się, jeśli wpłyniesz na inną istotę lub oddalisz się o więcej niż 300 m od miejsca rzucenia.",""
"Mały Sługa","3.","1 min.","8 godzin","Przemiana","Dotyk","W, S","Mag","","Łotr (Arcane Trickster), Bard (Lore), Wojownik (Eldritch Knight)","Ożywiasz mały, niemagiczny przedmiot, który wyrasta ręce i nogi. Sługa słucha twoich poleceń i może wykonywać proste zadania. Znika po otrzymaniu obrażeń lub po czasie trwania.","Użycie komórki czaru wyższego poziomu. Ożywiasz dwa dodatkowe przedmioty za każdy poziom powyżej 3."
"Dzwon do Zmarłych","Sztuczka","Akcja","Natychmiastowy","Nekromancja","18 m","W, S","Kleryk, Czarownik, Mag","","Łotr (Arcane Trickster), Bard (Lore), Kleryk (Death), Wojownik (Eldritch Knight), Kleryk (Arcana)","Wskazujesz istotę, a wokół niej rozbrzmiewa żałobny dzwon. Cel musi wykonać rzut na Mądrość lub otrzymać 1d8 obrażeń nekrotycznych (1d12, jeśli ma już rany).","Ulepszenie sztuczki. Obrażenia wzrastają o jedną kość na 5., 11. i 17. poziomie."
"Języki","3.","Akcja","1 godzina","Wróżenie","Dotyk","W, M (miniaturowy ziggurat)","Bard, Kleryk, Zaklinacz, Czarownik, Mag","","Łotr (Arcane Trickster), Bard (Lore), Zaklinacz (Divine Soul), Mag (Diviner), Wojownik (Eldritch Knight), Kleryk (Knowledge)","Dotknięta istota rozumie każdy język mówiony lub migowy. Każda istota znająca choć jeden język rozumie, co mówi cel czaru.",""
"Przemiana Skały","5.","Akcja","Do rozproszenia","Przemiana","36 m","W, S, M (glina i woda)","Druid, Mag","","","Zmieniasz obszar skały w błoto (lub błota w skałę) w 12-metrowym sześcianie. Błoto utrudnia ruch i może więzić istoty. Skała może więzić istoty, które były w błocie.",""
"Transport Roślinami","6.","Akcja","10 minut","Przywoływanie","3 m","W, S","Druid","","","Tworzysz magiczne połączenie między dużą rośliną w zasięgu a inną rośliną na tym samym planie, którą widziałeś. Istoty mogą przechodzić między nimi, używając 1,5 m ruchu.",""
"Krok przez Drzewa","5.","Akcja","Koncentracja, do 1 minuty","Przywoływanie","Własny","W, S","Druid, Łowca","","Druid (Land), Kleryk (Nature), Paladyn (Ancients)","Zyskujesz zdolność wchodzenia w drzewo i wychodzenia z innego drzewa tego samego rodzaju w promieniu 150 m. Musisz zakończyć turę poza drzewem.",""
"Prawdziwa Polimorfia","9.","Akcja","Koncentracja, do 1 godziny","Przemiana","9 m","W, S, M (kropla rtęci)","Bard, Czarownik, Mag","","Kleryk (Arcana)","Przemieniasz istotę lub przedmiot w inną istotę lub przedmiot. Jeśli utrzymasz koncentrację przez godzinę, zmiana staje się trwała do rozproszenia. PW nowej formy nie może przekraczać PW/poziomu celu.",""
"Prawdziwe Zmartwychwstanie","9.","1 godz.","Natychmiastowy","Nekromancja","Dotyk","W, S, M (diamenty o wartości 25,000+ SZ, które zaklęcie zużywa)","Kleryk, Druid","","Zaklinacz (Divine Soul)","Przywracasz do życia istotę, która nie żyje nie dłużej niż 200 lat. Cel wraca z pełnymi PŻ, bez chorób i klątw. Czar może stworzyć nowe ciało, jeśli stare nie istnieje.",""
"Prawdziwe Widzenie","6.","Akcja","1 godzina","Wróżenie","Dotyk","W, S, M (proszek z grzybów o wartości 25+ SZ, który zaklęcie zużywa)","Bard, Kleryk, Zaklinacz, Czarownik, Mag","","Mag (Diviner), Kleryk (Arcana), Zaklinacz (Divine Soul)","Dotknięta chętna istota zyskuje Prawdziwy Wzrok o zasięgu 36 m. Widzi niewidzialne, iluzje i prawdziwe formy zmiennokształtnych.",""
"Prawdziwe Uderzenie","Sztuczka","Akcja","Natychmiastowy","Wróżenie","Własny","S, M (broń o wartości 1+ SM)","Bard, Zaklinacz, Czarownik, Mag","","Łotr (Arcane Trickster), Bard (Lore), Wojownik (Eldritch Knight), Mag (Diviner), Kleryk (Arcana)","Wykonujesz atak bronią, używając cechy czarującej zamiast Siły lub Zręczności. Atak może zadawać obrażenia od jasności.","Ulepszenie sztuczki. Atak zadaje dodatkowe 1d6 obrażeń od jasności na 5. poziomie, 2d6 na 11. i 3d6 na 17."
"Tsunami","8.","1 min.","Koncentracja, do 6 rund","Przywoływanie","1,6 km","W, S","Druid","","","Tworzysz ścianę wody o długości do 90 m, wysokości 90 m i grubości 15 m. Ściana przesuwa się o 15 m co turę, zadając 6d10 obrażeń obuchowych i porywając istoty.",""
"Niewidzialny Sługa","1.","Akcja","1 godzina","Przywoływanie (rytuał)","18 m","W, S, M (kawałek sznurka i drewna)","Bard, Czarownik, Mag","","Łotr (Arcane Trickster), Bard (Lore), Wojownik (Eldritch Knight)","Tworzysz niewidzialną, bezmyślną siłę, która wykonuje proste zadania (sprzątanie, podawanie posiłków, otwieranie drzwi). Sługa ma 1 PŻ i nie może atakować.",""
"Wampiryczny Dotyk","3.","Akcja","Koncentracja, do 1 minuty","Nekromancja","Własny","W, S","Zaklinacz, Czarownik, Mag","","Łotr (Arcane Trickster), Bard (Lore), Kleryk (Death), Wojownik (Eldritch Knight), Kleryk (Grave), Zaklinacz (Lunar)","Twoja dłoń wysysa życie z innych. Wykonaj atak wręcz czarem (3d6 obrażeń nekrotycznych). Odzyskujesz PŻ równe połowie zadanych obrażeń. Możesz powtarzać atak co turę.","Użycie komórki czaru wyższego poziomu. Obrażenia wzrastają o 1d6 za każdy poziom powyżej 3."
"Zjadliwa Drwina","Sztuczka","Akcja","Natychmiastowy","Zauroczenie","18 m","W","Bard","","","Zasypujesz istotę obelgami nasyconymi magią. Cel musi wykonać rzut na Mądrość lub otrzymać 1d6 obrażeń psychicznych i mieć utrudnienie w następnym rzucie na atak.","Ulepszenie sztuczki. Obrażenia wzrastają o 1d6 na 5., 11. i 17. poziomie."
"Witrolowa Sfera","4.","Akcja","Natychmiastowy","Wywoływanie","45 m","W, S, M (kropla żółci)","Zaklinacz, Mag","","Łotr (Arcane Trickster), Wojownik (Eldritch Knight), Mag (Evoker)","Kula szmaragdowego kwasu eksploduje w sferze o promieniu 6 m. Istoty muszą wykonać rzut na Zręczność, otrzymując 10d4 obrażeń od kwasu natychmiast i 5d4 na końcu swojej następnej tury.","Użycie komórki czaru wyższego poziomu. Początkowe obrażenia wzrastają o 2d4 za każdy poziom powyżej 4."
"Ściana Ognia","4.","Akcja","Koncentracja, do 1 minuty","Wywoływanie","36 m","W, S, M (kawałek węgla drzewnego)","Druid, Zaklinacz, Mag","","Łotr (Arcane Trickster), Artymag (Artillerist), Czarownik (Fiend), Wojownik (Eldritch Knight), Mag (Evoker), Kleryk (Forge), Kleryk (Light)","Tworzysz ścianę ognia (długość 18 m, wysokość 6 m) lub pierścień. Jedna strona ściany zadaje 5d8 obrażeń od ognia istotm w promieniu 3 m.","Użycie komórki czaru wyższego poziomu. Obrażenia wzrastają o 1d8 za każdy poziom powyżej 4."
"Ściana Mocy","5.","Akcja","Koncentracja, do 10 minut","Wywoływanie","36 m","W, S, M (odłamek szkła)","Mag","","Artymag (Armorer), Artymag (Artillerist), Zaklinacz (Clockwork), Mag (Evoker), Paladyn (Redemption)","Tworzysz niewidzialną ścianę z magicznej siły. Nic nie może przez nią przejść fizycznie. Jest odporna na wszelkie obrażenia i może zostać zniszczona tylko przez Rozproszenie lub Rozszczepienie.",""
"Ściana Lodu","6.","Akcja","Koncentracja, do 10 minut","Wywoływanie","36 m","W, S, M (kawałek kwarcu)","Mag","","Mag (Evoker), Kleryk (Arcana)","Tworzysz ścianę lodu (10 paneli 3x3 m). Istota w miejscu ściany musi wykonać rzut na Zręczność (10d6 obrażeń od zimna). Zniszczona sekcja zostawia mroźne powietrze (5d6 obrażeń).","Użycie komórki czaru wyższego poziomu. Obrażenia wzrastają o 2d6 (początkowe) i 1d6 (powietrze) za każdy poziom powyżej 6."
"Ściana Światła","5.","Akcja","Koncentracja, do 10 minut","Wywoływanie","36 m","W, S, M (lusterko)","Zaklinacz, Czarownik, Mag","","Mag (Evoker)","Tworzysz ścianę oślepiającego światła (długość 18 m, wysokość 3 m). Istoty tam muszą wykonać rzut na Kondycję (4d8 obrażeń od jasności i oślepienie). Możesz wystrzeliwać promienie ze ściany.","Użycie komórki czaru wyższego poziomu. Obrażenia wzrastają o 1d8 za każdy poziom powyżej 5."
"Ściana Piasku","3.","Akcja","Koncentracja, do 10 minut","Wywoływanie","27 m","W, S, M (garść piasku)","Mag","","Łotr (Arcane Trickster), Bard (Lore), Wojownik (Eldritch Knight), Mag (Evoker)","Tworzysz ścianę wirującego piasku (długość 9 m, wysokość 3 m, grubość 3 m). Blokuje wzrok, a ruch wewnątrz kosztuje 3x więcej.",""
"Ściana Kamienia","5.","Akcja","Koncentracja, do 10 minut","Wywoływanie","36 m","W, S, M (kostka granitu)","Druid, Zaklinacz, Mag","","Druid (Land), Mag (Evoker), Czarownik (Genie)","Tworzysz ścianę z litego kamienia (dziesięć paneli 3x3 m). Ściana musi być solidnie podparta. Jeśli utrzymasz koncentrację przez cały czas, ściana staje się trwała.",""
"Ściana Cierni","6.","Akcja","Koncentracja, do 10 minut","Przywoływanie","36 m","W, S, M (garść cierni)","Druid","","","Tworzysz ścianę z gęstych krzewów pokrytych cierniami (długość 18 m, wysokość 3 m). Istoty tam muszą wykonać rzut na Zręczność (7d8 obrażeń kłutych). Ruch wewnątrz kosztuje 4x więcej.","Użycie komórki czaru wyższego poziomu. Obrażenia wzrastają o 1d8 za każdy poziom powyżej 6."
"Ściana Wody","3.","Akcja","Koncentracja, do 10 minut","Wywoływanie","18 m","W, S, M (kropla wody)","Druid, Zaklinacz, Mag","","Łotr (Arcane Trickster), Bard (Lore), Wojownik (Eldritch Knight), Mag (Evoker)","Tworzysz ścianę wody (długość 9 m, wysokość 3 m) lub pierścień. Obszar jest trudnym terenem. Ataki dystansowe bronią mają utrudnienie przy przejściu przez ścianę.",""
"Więź Ochronna","2.","Akcja","1 godzina","Odrzucanie","Dotyk","W, S, M (para platynowych pierścieni o wartości 50+ SZ każdy)","Kleryk, Paladyn","","Artymag (Battle Smith), Bard (Lore), Zaklinacz (Divine Soul), Kleryk (Peace)","Tworzysz mistyczne połączenie z chętną istotą. Dopóki cel jest w promieniu 18 m, ma +1 do KP i rzutów obronnych oraz odporność na wszystkie obrażenia. Ty otrzymujesz tyle samo obrażeń, co cel.",""
"Chroniący Wiatr","2.","Akcja","Koncentracja, do 10 minut","Wywoływanie","Własny","W","Bard, Druid, Zaklinacz, Mag","","Łotr (Arcane Trickster), Bard (Lore), Wojownik (Eldritch Knight), Mag (Evoker)","Silny wiatr wieje wokół ciebie w promieniu 3 m. Głuszy istoty, gasi małe płomienie i sprawia, że ataki dystansowe bronią mają utrudnienie. Obszar jest trudnym terenem dla innych.",""
"Oddychanie pod Wodą","3.","Akcja","24 godziny","Przemiana (rytuał)","9 m","W, S, M (krótka trzcina)","Druid, Łowca, Zaklinacz, Mag","","Łotr (Arcane Trickster), Druid (Sea), Bard (Lore), Wojownik (Eldritch Knight)","Do dziesięciu chętnych istot zyskuje zdolność oddychania pod wodą przez czas trwania czaru.",""
"Chodzenie po Wodzie","3.","Akcja","1 godzina","Przemiana (rytuał)","9 m","W, S, M (kawałek korka)","Kleryk, Druid, Łowca, Zaklinacz","","Bard (Lore), Zaklinacz (Divine Soul)","Do dziesięciu chętnych istot zyskuje zdolność poruszania się po powierzchni cieczy (woda, kwas, błoto, śnieg, lawa) jak po stałym gruncie.",""
"Wodna Sfera","4.","Akcja","Koncentracja, do 1 minuty","Przywoływanie","27 m","W, S, M (kropla wody)","Druid, Zaklinacz, Mag","","Łotr (Arcane Trickster), Wojownik (Eldritch Knight)","Tworzysz sferę wody o promieniu 1,5 m. Istoty w jej miejscu muszą wykonać rzut na Siłę lub zostać uwięzionymi wewnątrz. Możesz przesuwać sferę o 9 m akcją.",""
"Sieć","2.","Akcja","Koncentracja, do 1 godziny","Przywoływanie","18 m","W, S, M (kawałek pajęczyny)","Zaklinacz, Mag","","Łotr (Arcane Trickster), Druid (Land), Bard (Lore), Wojownik (Eldritch Knight), Łowca (Swarmkeeper)","Wypełniasz 6-metrowy sześcian lepkimi sieciami. Obszar jest trudnym terenem i słabo przesłonięty. Istota musi wykonać rzut na Zręczność lub zostać unieruchomioną. Sieci są łatwopalne.",""
"Dziw","9.","Akcja","Koncentracja, do 1 minuty","Iluzja","36 m","W, S","Czarownik, Mag","","Kleryk (Arcana), Mag (Illusionist)","Tworzysz iluzoryczne koszmary w umysłach innych. Każda wybrana istota w sferze o promieniu 9 m musi wykonać rzut na Mądrość, otrzymując 10d10 obrażeń psychicznych i zostając przerażoną.",""
"Trąba Powietrzna","7.","Akcja","Koncentracja, do 1 minuty","Wywoływanie","90 m","W, M (kawałek słomy)","Druid, Zaklinacz, Mag","","Kleryk (Arcana), Mag (Evoker)","Trąba powietrzna (cylinder o promieniu 3 m i wysokości 9 m) pojawia się w zasięgu. Istoty muszą wykonać rzut na Zręczność (10d6 obrażeń obuchowych). Możesz przesuwać trąbę o 9 m akcją.",""
"Wietrzny Spacer","6.","1 min.","8 godzin","Przemiana","9 m","W, S, M (świeca)","Druid","","","Ty i do dziesięciu chętnych istot przyjmujecie postać gazową. Zyskujecie prędkość latania 90 m i odporność na niemagiczne obrażenia. Powrót do normalnej formy trwa 1 minutę.",""
"Wietrzna Ściana","3.","Akcja","Koncentracja, do 1 minuty","Wywoływanie","36 m","W, S, M (wachlarz i pióro)","Druid, Łowca","","Bard (Lore), Kleryk (Nature), Czarownik (Genie)","Tworzysz ścianę silnego wiatru (długość 15 m, wysokość 4,5 m). Istoty tam muszą wykonać rzut na Siłę (4d8 obrażeń obuchowych). Ściana odbija pociski i gazy.",""
"Życzenie","9.","Akcja","Natychmiastowy","Przywoływanie","Własny","W","Zaklinacz, Mag","","Kleryk (Arcana), Czarownik (Genie)","Najpotężniejszy czar, jaki może rzucić śmiertelnik. Może zduplikować dowolny czar 8. poziomu lub niższy bez wymagań. Może też stworzyć przedmiot, uleczyć istoty lub zmienić rzeczywistość (z ryzykiem).",""
"Wiedźmi Pocisk","1.","Akcja","Koncentracja, do 1 minuty","Wywoływanie","18 m","W, S, M (gałązka uderzona przez piorun)","Zaklinacz, Czarownik, Mag","","Łotr (Arcane Trickster), Bard (Lore), Wojownik (Eldritch Knight), Mag (Evoker)","Promień energii trzaska w stronę istoty. Wykonaj dystansowy atak czarem (2d12 obrażeń od błyskawic). Możesz zadawać 1d12 obrażeń automatycznie akcją dodatkową w kolejnych turach.","Użycie komórki czaru wyższego poziomu. Początkowe obrażenia wzrastają o 1d12 za każdy poziom powyżej 1."
"Słowo Jasności","Sztuczka","Akcja","Natychmiastowy","Wywoływanie","Własny","W, M (święty symbol)","Kleryk","","Bard (Lore), Zaklinacz (Divine Soul)","Palący blask wybucha z ciebie w 1,5-metrowej emanacji. Każda wybrana istota tam musi wykonać rzut na Kondycję lub otrzymać 1d6 obrażeń od jasności.","Ulepszenie sztuczki. Obrażenia wzrastają o 1d6 na 5., 11. i 17. poziomie."
"Słowo Powrotu","6.","Akcja","Natychmiastowy","Przywoływanie","1,5 m","W","Kleryk","","Zaklinacz (Divine Soul)","Ty i do pięciu chętnych istot teleportujecie się natychmiast do wcześniej wyznaczonego sanktuarium (np. świątyni).",""
"Gniew Natury","5.","Akcja","Koncentracja, do 1 minuty","Wywoływanie","36 m","W, S","Druid, Łowca","","","Budzisz duchy natury w 18-metrowym sześcianie. Trawa staje się trudnym terenem, drzewa smagają gałęziami (4d6), korzenie więżą istoty, a skały uderzają wrogów (3d8).",""
"Gniewne Porażenie","1.","Dodatkowa","1 minuta","Nekromancja","Własny","W","Paladyn","","Czarownik (Hexblade)","Twój atak zadaje dodatkowe 1d6 obrażeń nekrotycznych. Cel musi wykonać rzut na Mądrość lub zostać przerażonym do końca czaru.","Użycie komórki czaru wyższego poziomu. Obrażenia wzrastają o 1d6 za każdy poziom powyżej 1."
